195.89.146.234, 80, b'D\xb0x\xa9h\x1a\xca3\xcf\x89\x1f\xf2\x1e\xbd\xf9_.q\xe5J\xea\x04\xee Dz\x0b\xdaS\xd7\xc4\xde\xccw\x12Z\xf0\xbe\xf2\x8f\xe3\xd1\x0eK8y=\xc0^\xf2\x0eFnEU?\x06l\x10\xb3uK\xe9Qg\xc1\n\xef~\xc5_\xce\xd67\xe9d~\xa9t\xe0\xeb\\,\xcb\xb1\x1f\xc2#R56!\x0es|5;\r\x12\xac\xae\x13\xfd\x14\xd5u\xa5(\xe2\xc0\xdf6\xd2%\x89\x82w#F[-\x18h\xa5\xbd\xc4\xd5:\xc8\xcd\xa5\xa0\x0b\xf5\xc3\xb8\xb5\x02\x88\x03\xbf\xfb\xc5B\xeb\x98\xc2\xc3\xd3\xbe\x0fh\xe9/\xdaW\xb6\xd0\xcdgO$\xe6\xd5\x92\xc09m\xfc(\xaf\xa4\x18\x1d?#mS\xe1JY\x91 \x05}ds\r'
92.22.186.222, 8443, b'\xb87\x8f\xe4'
213.123.178.59, 443, b'\xb87\x8f\xe4'
31.3.247.181, 80, b'D\xb0x\xa9h\x1a\xca3\xcf\x89\x1f\xf2\x1e\xbd\xf9_.q\xe5J\xea\x04\xee Dz\x0b\xdaS\xd7\xc4\xde\xccw\x12Z\xf0\xbe\xf2\x8f\xe3\xd1\x0eK8y=\xc0^\xf2\x0eFnEU?\x06l\x10\xb3uK\xe9Qg\xc1\n\xef~\xc5_\xce\xd67\xe9d~\xa9t\xe0\xeb\\,\xcb\xb1\x1f\xc2#R56!\x0es|5;\r\x12\xac\xae\x13\xfd\x14\xd5u\xa5(\xe2\xc0\xdf6\xd2%\x89\x82w#F[-\x18h\xa5\xbd\xc4\xd5:\xc8\xcd\xa5\xa0\x0b\xf5\xc3\xb8\xb5\x02\x88\x03\xbf\xfb\xc5B\xeb\x98\xc2\xc3\xd3\xbe\x0fh\xe9/\xdaW\xb6\xd0\xcdgO$\xe6\xd5\x92\xc09m\xfc(\xaf\xa4\x18\x1d?#mS\xe1JY\x91 \x05}ds\r'
212.3.248.234, 80, b'D\xb0x\xa9h\x1a\xca3\xcf\x89\x1f\xf2\x1e\xbd\xf9_.q\xe5J\xea\x04\xee Dz\x0b\xdaS\xd7\xc4\xde\xccw\x12Z\xf0\xbe\xf2\x8f\xe3\xd1\x0eK8y=\xc0^\xf2\x0eFnEU?\x06l\x10\xb3uK\xe9Qg\xc1\n\xef~\xc5_\xce\xd67\xe9d~\xa9t\xe0\xeb\\,\xcb\xb1\x1f\xc2#R56!\x0es|5;\r\x12\xac\xae\x13\xfd\x14\xd5u\xa5(\xe2\xc0\xdf6\xd2%\x89\x82w#F[-\x18h\xa5\xbd\xc4\xd5:\xc8\xcd\xa5\xa0\x0b\xf5\xc3\xb8\xb5\x02\x88\x03\xbf\xfb\xc5B\xeb\x98\xc2\xc3\xd3\xbe\x0fh\xe9/\xdaW\xb6\xd0\xcdgO$\xe6\xd5\x92\xc09m\xfc(\xaf\xa4\x18\x1d?#mS\xe1JY\x91 \x05}ds\r'
92.232.148.86, 443, b'\xb87\x8f\xe4'
213.242.96.144, 80, b'D\xb0x\xa9h\x1a\xca3\xcf\x89\x1f\xf2\x1e\xbd\xf9_.q\xe5J\xea\x04\xee Dz\x0b\xdaS\xd7\xc4\xde\xccw\x12Z\xf0\xbe\xf2\x8f\xe3\xd1\x0eK8y=\xc0^\xf2\x0eFnEU?\x06l\x10\xb3uK\xe9Qg\xc1\n\xef~\xc5_\xce\xd67\xe9d~\xa9t\xe0\xeb\\,\xcb\xb1\x1f\xc2#R56!\x0es|5;\r\x12\xac\xae\x13\xfd\x14\xd5u\xa5(\xe2\xc0\xdf6\xd2%\x89\x82w#F[-\x18h\xa5\xbd\xc4\xd5:\xc8\xcd\xa5\xa0\x0b\xf5\xc3\xb8\xb5\x02\x88\x03\xbf\xfb\xc5B\xeb\x98\xc2\xc3\xd3\xbe\x0fh\xe9/\xdaW\xb6\xd0\xcdgO$\xe6\xd5\x92\xc09m\xfc(\xaf\xa4\x18\x1d?#mS\xe1JY\x91 \x05}ds\r'
195.171.195.89, 80, b''
89.150.27.23, 8080, b''
81.134.129.105, 8000, b'D\xb0x\xa9h\x1a\xca3\xcf\x89\x1f\xf2\x1e\xbd\xf9_.q\xe5J\xea\x04\xee Dz\x0b\xdaS\xd7\xc4\xde\xccw\x12Z\xf0\xbe\xf2\x8f\xe3\xd1\x0eK8y=\xc0^\xf2\x0eFnEU?\x06l\x10\xb3uK\xe9Qg\xc1\n\xef~\xc5_\xce\xd67\xe9d~\xa9t\xe0\xeb\\,\xcb\xb1\x1f\xc2#R56!\x0es|5;\r\x12\xac\xae\x13\xfd\x14\xd5u\xa5(\xe2\xc0\xdf6\xd2%\x89\x82w#F[-\x18h\xa5\xbd\xc4\xd5:\xc8\xcd\xa5\xa0\x0b\xf5\xc3\xb8\xb5\x02\x88\x03\xbf\xfb\xc5B\xeb\x98\xc2\xc3\xd3\xbe\x0fh\xe9/\xdaW\xb6\xd0\xcdgO$\xe6\xd5\x92\xc09m\xfc(\xaf\xa4\x18\x1d?#mS\xe1JY\x91 \x05}ds\r'
130.193.87.114, 3443, b'\xb87\x8f\xe4'
195.89.146.119, 80, b'D\xb0x\xa9h\x1a\xca3\xcf\x89\x1f\xf2\x1e\xbd\xf9_.q\xe5J\xea\x04\xee Dz\x0b\xdaS\xd7\xc4\xde\xccw\x12Z\xf0\xbe\xf2\x8f\xe3\xd1\x0eK8y=\xc0^\xf2\x0eFnEU?\x06l\x10\xb3uK\xe9Qg\xc1\n\xef~\xc5_\xce\xd67\xe9d~\xa9t\xe0\xeb\\,\xcb\xb1\x1f\xc2#R56!\x0es|5;\r\x12\xac\xae\x13\xfd\x14\xd5u\xa5(\xe2\xc0\xdf6\xd2%\x89\x82w#F[-\x18h\xa5\xbd\xc4\xd5:\xc8\xcd\xa5\xa0\x0b\xf5\xc3\xb8\xb5\x02\x88\x03\xbf\xfb\xc5B\xeb\x98\xc2\xc3\xd3\xbe\x0fh\xe9/\xdaW\xb6\xd0\xcdgO$\xe6\xd5\x92\xc09m\xfc(\xaf\xa4\x18\x1d?#mS\xe1JY\x91 \x05}ds\r'
195.89.147.119, 80, b'D\xb0x\xa9h\x1a\xca3\xcf\x89\x1f\xf2\x1e\xbd\xf9_.q\xe5J\xea\x04\xee Dz\x0b\xdaS\xd7\xc4\xde\xccw\x12Z\xf0\xbe\xf2\x8f\xe3\xd1\x0eK8y=\xc0^\xf2\x0eFnEU?\x06l\x10\xb3uK\xe9Qg\xc1\n\xef~\xc5_\xce\xd67\xe9d~\xa9t\xe0\xeb\\,\xcb\xb1\x1f\xc2#R56!\x0es|5;\r\x12\xac\xae\x13\xfd\x14\xd5u\xa5(\xe2\xc0\xdf6\xd2%\x89\x82w#F[-\x18h\xa5\xbd\xc4\xd5:\xc8\xcd\xa5\xa0\x0b\xf5\xc3\xb8\xb5\x02\x88\x03\xbf\xfb\xc5B\xeb\x98\xc2\xc3\xd3\xbe\x0fh\xe9/\xdaW\xb6\xd0\xcdgO$\xe6\xd5\x92\xc09m\xfc(\xaf\xa4\x18\x1d?#mS\xe1JY\x91 \x05}ds\r'
213.242.86.119, 80, b'D\xb0x\xa9h\x1a\xca3\xcf\x89\x1f\xf2\x1e\xbd\xf9_.q\xe5J\xea\x04\xee Dz\x0b\xdaS\xd7\xc4\xde\xccw\x12Z\xf0\xbe\xf2\x8f\xe3\xd1\x0eK8y=\xc0^\xf2\x0eFnEU?\x06l\x10\xb3uK\xe9Qg\xc1\n\xef~\xc5_\xce\xd67\xe9d~\xa9t\xe0\xeb\\,\xcb\xb1\x1f\xc2#R56!\x0es|5;\r\x12\xac\xae\x13\xfd\x14\xd5u\xa5(\xe2\xc0\xdf6\xd2%\x89\x82w#F[-\x18h\xa5\xbd\xc4\xd5:\xc8\xcd\xa5\xa0\x0b\xf5\xc3\xb8\xb5\x02\x88\x03\xbf\xfb\xc5B\xeb\x98\xc2\xc3\xd3\xbe\x0fh\xe9/\xdaW\xb6\xd0\xcdgO$\xe6\xd5\x92\xc09m\xfc(\xaf\xa4\x18\x1d?#mS\xe1JY\x91 \x05}ds\r'
109.228.46.34, 8443, b''
195.89.146.42, 80, b'D\xb0x\xa9h\x1a\xca3\xcf\x89\x1f\xf2\x1e\xbd\xf9_.q\xe5J\xea\x04\xee Dz\x0b\xdaS\xd7\xc4\xde\xccw\x12Z\xf0\xbe\xf2\x8f\xe3\xd1\x0eK8y=\xc0^\xf2\x0eFnEU?\x06l\x10\xb3uK\xe9Qg\xc1\n\xef~\xc5_\xce\xd67\xe9d~\xa9t\xe0\xeb\\,\xcb\xb1\x1f\xc2#R56!\x0es|5;\r\x12\xac\xae\x13\xfd\x14\xd5u\xa5(\xe2\xc0\xdf6\xd2%\x89\x82w#F[-\x18h\xa5\xbd\xc4\xd5:\xc8\xcd\xa5\xa0\x0b\xf5\xc3\xb8\xb5\x02\x88\x03\xbf\xfb\xc5B\xeb\x98\xc2\xc3\xd3\xbe\x0fh\xe9/\xdaW\xb6\xd0\xcdgO$\xe6\xd5\x92\xc09m\xfc(\xaf\xa4\x18\x1d?#mS\xe1JY\x91 \x05}ds\r'
195.89.146.208, 80, b'D\xb0x\xa9h\x1a\xca3\xcf\x89\x1f\xf2\x1e\xbd\xf9_.q\xe5J\xea\x04\xee Dz\x0b\xdaS\xd7\xc4\xde\xccw\x12Z\xf0\xbe\xf2\x8f\xe3\xd1\x0eK8y=\xc0^\xf2\x0eFnEU?\x06l\x10\xb3uK\xe9Qg\xc1\n\xef~\xc5_\xce\xd67\xe9d~\xa9t\xe0\xeb\\,\xcb\xb1\x1f\xc2#R56!\x0es|5;\r\x12\xac\xae\x13\xfd\x14\xd5u\xa5(\xe2\xc0\xdf6\xd2%\x89\x82w#F[-\x18h\xa5\xbd\xc4\xd5:\xc8\xcd\xa5\xa0\x0b\xf5\xc3\xb8\xb5\x02\x88\x03\xbf\xfb\xc5B\xeb\x98\xc2\xc3\xd3\xbe\x0fh\xe9/\xdaW\xb6\xd0\xcdgO$\xe6\xd5\x92\xc09m\xfc(\xaf\xa4\x18\x1d?#mS\xe1JY\x91 \x05}ds\r'
213.242.77.183, 80, b'D\xb0x\xa9h\x1a\xca3\xcf\x89\x1f\xf2\x1e\xbd\xf9_.q\xe5J\xea\x04\xee Dz\x0b\xdaS\xd7\xc4\xde\xccw\x12Z\xf0\xbe\xf2\x8f\xe3\xd1\x0eK8y=\xc0^\xf2\x0eFnEU?\x06l\x10\xb3uK\xe9Qg\xc1\n\xef~\xc5_\xce\xd67\xe9d~\xa9t\xe0\xeb\\,\xcb\xb1\x1f\xc2#R56!\x0es|5;\r\x12\xac\xae\x13\xfd\x14\xd5u\xa5(\xe2\xc0\xdf6\xd2%\x89\x82w#F[-\x18h\xa5\xbd\xc4\xd5:\xc8\xcd\xa5\xa0\x0b\xf5\xc3\xb8\xb5\x02\x88\x03\xbf\xfb\xc5B\xeb\x98\xc2\xc3\xd3\xbe\x0fh\xe9/\xdaW\xb6\xd0\xcdgO$\xe6\xd5\x92\xc09m\xfc(\xaf\xa4\x18\x1d?#mS\xe1JY\x91 \x05}ds\r'
195.89.147.247, 80, b'D\xb0x\xa9h\x1a\xca3\xcf\x89\x1f\xf2\x1e\xbd\xf9_.q\xe5J\xea\x04\xee Dz\x0b\xdaS\xd7\xc4\xde\xccw\x12Z\xf0\xbe\xf2\x8f\xe3\xd1\x0eK8y=\xc0^\xf2\x0eFnEU?\x06l\x10\xb3uK\xe9Qg\xc1\n\xef~\xc5_\xce\xd67\xe9d~\xa9t\xe0\xeb\\,\xcb\xb1\x1f\xc2#R56!\x0es|5;\r\x12\xac\xae\x13\xfd\x14\xd5u\xa5(\xe2\xc0\xdf6\xd2%\x89\x82w#F[-\x18h\xa5\xbd\xc4\xd5:\xc8\xcd\xa5\xa0\x0b\xf5\xc3\xb8\xb5\x02\x88\x03\xbf\xfb\xc5B\xeb\x98\xc2\xc3\xd3\xbe\x0fh\xe9/\xdaW\xb6\xd0\xcdgO$\xe6\xd5\x92\xc09m\xfc(\xaf\xa4\x18\x1d?#mS\xe1JY\x91 \x05}ds\r'
78.141.49.254, 443, b'\xb87\x8f\xe4'
195.89.147.55, 80, b'D\xb0x\xa9h\x1a\xca3\xcf\x89\x1f\xf2\x1e\xbd\xf9_.q\xe5J\xea\x04\xee Dz\x0b\xdaS\xd7\xc4\xde\xccw\x12Z\xf0\xbe\xf2\x8f\xe3\xd1\x0eK8y=\xc0^\xf2\x0eFnEU?\x06l\x10\xb3uK\xe9Qg\xc1\n\xef~\xc5_\xce\xd67\xe9d~\xa9t\xe0\xeb\\,\xcb\xb1\x1f\xc2#R56!\x0es|5;\r\x12\xac\xae\x13\xfd\x14\xd5u\xa5(\xe2\xc0\xdf6\xd2%\x89\x82w#F[-\x18h\xa5\xbd\xc4\xd5:\xc8\xcd\xa5\xa0\x0b\xf5\xc3\xb8\xb5\x02\x88\x03\xbf\xfb\xc5B\xeb\x98\xc2\xc3\xd3\xbe\x0fh\xe9/\xdaW\xb6\xd0\xcdgO$\xe6\xd5\x92\xc09m\xfc(\xaf\xa4\x18\x1d?#mS\xe1JY\x91 \x05}ds\r'
217.64.127.105, 443, b''
178.236.137.37, 8080, b''
212.73.231.208, 80, b'D\xb0x\xa9h\x1a\xca3\xcf\x89\x1f\xf2\x1e\xbd\xf9_.q\xe5J\xea\x04\xee Dz\x0b\xdaS\xd7\xc4\xde\xccw\x12Z\xf0\xbe\xf2\x8f\xe3\xd1\x0eK8y=\xc0^\xf2\x0eFnEU?\x06l\x10\xb3uK\xe9Qg\xc1\n\xef~\xc5_\xce\xd67\xe9d~\xa9t\xe0\xeb\\,\xcb\xb1\x1f\xc2#R56!\x0es|5;\r\x12\xac\xae\x13\xfd\x14\xd5u\xa5(\xe2\xc0\xdf6\xd2%\x89\x82w#F[-\x18h\xa5\xbd\xc4\xd5:\xc8\xcd\xa5\xa0\x0b\xf5\xc3\xb8\xb5\x02\x88\x03\xbf\xfb\xc5B\xeb\x98\xc2\xc3\xd3\xbe\x0fh\xe9/\xdaW\xb6\xd0\xcdgO$\xe6\xd5\x92\xc09m\xfc(\xaf\xa4\x18\x1d?#mS\xe1JY\x91 \x05}ds\r'
5.79.33.168, 80, b''
178.79.177.27, 8000, b''
195.89.146.16, 80, b'D\xb0x\xa9h\x1a\xca3\xcf\x89\x1f\xf2\x1e\xbd\xf9_.q\xe5J\xea\x04\xee Dz\x0b\xdaS\xd7\xc4\xde\xccw\x12Z\xf0\xbe\xf2\x8f\xe3\xd1\x0eK8y=\xc0^\xf2\x0eFnEU?\x06l\x10\xb3uK\xe9Qg\xc1\n\xef~\xc5_\xce\xd67\xe9d~\xa9t\xe0\xeb\\,\xcb\xb1\x1f\xc2#R56!\x0es|5;\r\x12\xac\xae\x13\xfd\x14\xd5u\xa5(\xe2\xc0\xdf6\xd2%\x89\x82w#F[-\x18h\xa5\xbd\xc4\xd5:\xc8\xcd\xa5\xa0\x0b\xf5\xc3\xb8\xb5\x02\x88\x03\xbf\xfb\xc5B\xeb\x98\xc2\xc3\xd3\xbe\x0fh\xe9/\xdaW\xb6\xd0\xcdgO$\xe6\xd5\x92\xc09m\xfc(\xaf\xa4\x18\x1d?#mS\xe1JY\x91 \x05}ds\r'
5.79.33.173, 80, b''
195.122.159.183, 80, b'D\xb0x\xa9h\x1a\xca3\xcf\x89\x1f\xf2\x1e\xbd\xf9_.q\xe5J\xea\x04\xee Dz\x0b\xdaS\xd7\xc4\xde\xccw\x12Z\xf0\xbe\xf2\x8f\xe3\xd1\x0eK8y=\xc0^\xf2\x0eFnEU?\x06l\x10\xb3uK\xe9Qg\xc1\n\xef~\xc5_\xce\xd67\xe9d~\xa9t\xe0\xeb\\,\xcb\xb1\x1f\xc2#R56!\x0es|5;\r\x12\xac\xae\x13\xfd\x14\xd5u\xa5(\xe2\xc0\xdf6\xd2%\x89\x82w#F[-\x18h\xa5\xbd\xc4\xd5:\xc8\xcd\xa5\xa0\x0b\xf5\xc3\xb8\xb5\x02\x88\x03\xbf\xfb\xc5B\xeb\x98\xc2\xc3\xd3\xbe\x0fh\xe9/\xdaW\xb6\xd0\xcdgO$\xe6\xd5\x92\xc09m\xfc(\xaf\xa4\x18\x1d?#mS\xe1JY\x91 \x05}ds\r'
195.89.146.170, 80, b'D\xb0x\xa9h\x1a\xca3\xcf\x89\x1f\xf2\x1e\xbd\xf9_.q\xe5J\xea\x04\xee Dz\x0b\xdaS\xd7\xc4\xde\xccw\x12Z\xf0\xbe\xf2\x8f\xe3\xd1\x0eK8y=\xc0^\xf2\x0eFnEU?\x06l\x10\xb3uK\xe9Qg\xc1\n\xef~\xc5_\xce\xd67\xe9d~\xa9t\xe0\xeb\\,\xcb\xb1\x1f\xc2#R56!\x0es|5;\r\x12\xac\xae\x13\xfd\x14\xd5u\xa5(\xe2\xc0\xdf6\xd2%\x89\x82w#F[-\x18h\xa5\xbd\xc4\xd5:\xc8\xcd\xa5\xa0\x0b\xf5\xc3\xb8\xb5\x02\x88\x03\xbf\xfb\xc5B\xeb\x98\xc2\xc3\xd3\xbe\x0fh\xe9/\xdaW\xb6\xd0\xcdgO$\xe6\xd5\x92\xc09m\xfc(\xaf\xa4\x18\x1d?#mS\xe1JY\x91 \x05}ds\r'
81.156.94.127, 443, b'\xb87\x8f\xe4'
94.236.67.216, 80, b''
2.220.132.54, 443, b'\xb87\x8f\xe4'
195.122.159.157, 80, b'D\xb0x\xa9h\x1a\xca3\xcf\x89\x1f\xf2\x1e\xbd\xf9_.q\xe5J\xea\x04\xee Dz\x0b\xdaS\xd7\xc4\xde\xccw\x12Z\xf0\xbe\xf2\x8f\xe3\xd1\x0eK8y=\xc0^\xf2\x0eFnEU?\x06l\x10\xb3uK\xe9Qg\xc1\n\xef~\xc5_\xce\xd67\xe9d~\xa9t\xe0\xeb\\,\xcb\xb1\x1f\xc2#R56!\x0es|5;\r\x12\xac\xae\x13\xfd\x14\xd5u\xa5(\xe2\xc0\xdf6\xd2%\x89\x82w#F[-\x18h\xa5\xbd\xc4\xd5:\xc8\xcd\xa5\xa0\x0b\xf5\xc3\xb8\xb5\x02\x88\x03\xbf\xfb\xc5B\xeb\x98\xc2\xc3\xd3\xbe\x0fh\xe9/\xdaW\xb6\xd0\xcdgO$\xe6\xd5\x92\xc09m\xfc(\xaf\xa4\x18\x1d?#mS\xe1JY\x91 \x05}ds\r'
92.27.155.174, 443, b'\xb87\x8f\xe4'
195.89.147.106, 80, b'D\xb0x\xa9h\x1a\xca3\xcf\x89\x1f\xf2\x1e\xbd\xf9_.q\xe5J\xea\x04\xee Dz\x0b\xdaS\xd7\xc4\xde\xccw\x12Z\xf0\xbe\xf2\x8f\xe3\xd1\x0eK8y=\xc0^\xf2\x0eFnEU?\x06l\x10\xb3uK\xe9Qg\xc1\n\xef~\xc5_\xce\xd67\xe9d~\xa9t\xe0\xeb\\,\xcb\xb1\x1f\xc2#R56!\x0es|5;\r\x12\xac\xae\x13\xfd\x14\xd5u\xa5(\xe2\xc0\xdf6\xd2%\x89\x82w#F[-\x18h\xa5\xbd\xc4\xd5:\xc8\xcd\xa5\xa0\x0b\xf5\xc3\xb8\xb5\x02\x88\x03\xbf\xfb\xc5B\xeb\x98\xc2\xc3\xd3\xbe\x0fh\xe9/\xdaW\xb6\xd0\xcdgO$\xe6\xd5\x92\xc09m\xfc(\xaf\xa4\x18\x1d?#mS\xe1JY\x91 \x05}ds\r'
80.243.177.253, 8080, b'D\xb0x\xa9h\x1a\xca3\xcf\x89\x1f\xf2\x1e\xbd\xf9_.q\xe5J\xea\x04\xee Dz\x0b\xdaS\xd7\xc4\xde\xccw\x12Z\xf0\xbe\xf2\x8f\xe3\xd1\x0eK8y=\xc0^\xf2\x0eFnEU?\x06l\x10\xb3uK\xe9Qg\xc1\n\xef~\xc5_\xce\xd67\xe9d~\xa9t\xe0\xeb\\,\xcb\xb1\x1f\xc2#R56!\x0es|5;\r\x12\xac\xae\x13\xfd\x14\xd5u\xa5(\xe2\xc0\xdf6\xd2%\x89\x82w#F[-\x18h\xa5\xbd\xc4\xd5:\xc8\xcd\xa5\xa0\x0b\xf5\xc3\xb8\xb5\x02\x88\x03\xbf\xfb\xc5B\xeb\x98\xc2\xc3\xd3\xbe\x0fh\xe9/\xdaW\xb6\xd0\xcdgO$\xe6\xd5\x92\xc09m\xfc(\xaf\xa4\x18\x1d?#mS\xe1JY\x91 \x05}ds\r'
213.41.22.60, 8080, b'D\xb0x\xa9h\x1a\xca3\xcf\x89\x1f\xf2\x1e\xbd\xf9_.q\xe5J\xea\x04\xee Dz\x0b\xdaS\xd7\xc4\xde\xccw\x12Z\xf0\xbe\xf2\x8f\xe3\xd1\x0eK8y=\xc0^\xf2\x0eFnEU?\x06l\x10\xb3uK\xe9Qg\xc1\n\xef~\xc5_\xce\xd67\xe9d~\xa9t\xe0\xeb\\,\xcb\xb1\x1f\xc2#R56!\x0es|5;\r\x12\xac\xae\x13\xfd\x14\xd5u\xa5(\xe2\xc0\xdf6\xd2%\x89\x82w#F[-\x18h\xa5\xbd\xc4\xd5:\xc8\xcd\xa5\xa0\x0b\xf5\xc3\xb8\xb5\x02\x88\x03\xbf\xfb\xc5B\xeb\x98\xc2\xc3\xd3\xbe\x0fh\xe9/\xdaW\xb6\xd0\xcdgO$\xe6\xd5\x92\xc09m\xfc(\xaf\xa4\x18\x1d?#mS\xe1JY\x91 \x05}ds\r'
213.138.109.232, 80, b'D\xb0x\xa9h\x1a\xca3\xcf\x89\x1f\xf2\x1e\xbd\xf9_.q\xe5J\xea\x04\xee Dz\x0b\xdaS\xd7\xc4\xde\xccw\x12Z\xf0\xbe\xf2\x8f\xe3\xd1\x0eK8y=\xc0^\xf2\x0eFnEU?\x06l\x10\xb3uK\xe9Qg\xc1\n\xef~\xc5_\xce\xd67\xe9d~\xa9t\xe0\xeb\\,\xcb\xb1\x1f\xc2#R56!\x0es|5;\r\x12\xac\xae\x13\xfd\x14\xd5u\xa5(\xe2\xc0\xdf6\xd2%\x89\x82w#F[-\x18h\xa5\xbd\xc4\xd5:\xc8\xcd\xa5\xa0\x0b\xf5\xc3\xb8\xb5\x02\x88\x03\xbf\xfb\xc5B\xeb\x98\xc2\xc3\xd3\xbe\x0fh\xe9/\xdaW\xb6\xd0\xcdgO$\xe6\xd5\x92\xc09m\xfc(\xaf\xa4\x18\x1d?#mS\xe1JY\x91 \x05}ds\r'
81.17.77.82, 80, b''
31.52.74.134, 443, b'\xb87\x8f\xe4'
212.73.231.221, 80, b'D\xb0x\xa9h\x1a\xca3\xcf\x89\x1f\xf2\x1e\xbd\xf9_.q\xe5J\xea\x04\xee Dz\x0b\xdaS\xd7\xc4\xde\xccw\x12Z\xf0\xbe\xf2\x8f\xe3\xd1\x0eK8y=\xc0^\xf2\x0eFnEU?\x06l\x10\xb3uK\xe9Qg\xc1\n\xef~\xc5_\xce\xd67\xe9d~\xa9t\xe0\xeb\\,\xcb\xb1\x1f\xc2#R56!\x0es|5;\r\x12\xac\xae\x13\xfd\x14\xd5u\xa5(\xe2\xc0\xdf6\xd2%\x89\x82w#F[-\x18h\xa5\xbd\xc4\xd5:\xc8\xcd\xa5\xa0\x0b\xf5\xc3\xb8\xb5\x02\x88\x03\xbf\xfb\xc5B\xeb\x98\xc2\xc3\xd3\xbe\x0fh\xe9/\xdaW\xb6\xd0\xcdgO$\xe6\xd5\x92\xc09m\xfc(\xaf\xa4\x18\x1d?#mS\xe1JY\x91 \x05}ds\r'
82.24.12.64, 443, b'\xb87\x8f\xe4'
213.107.147.198, 443, b'\xb87\x8f\xe4'
77.44.36.120, 443, b'\xb87\x8f\xe4'
85.189.105.81, 443, b'\xb87\x8f\xe4'
195.89.146.247, 80, b'D\xb0x\xa9h\x1a\xca3\xcf\x89\x1f\xf2\x1e\xbd\xf9_.q\xe5J\xea\x04\xee Dz\x0b\xdaS\xd7\xc4\xde\xccw\x12Z\xf0\xbe\xf2\x8f\xe3\xd1\x0eK8y=\xc0^\xf2\x0eFnEU?\x06l\x10\xb3uK\xe9Qg\xc1\n\xef~\xc5_\xce\xd67\xe9d~\xa9t\xe0\xeb\\,\xcb\xb1\x1f\xc2#R56!\x0es|5;\r\x12\xac\xae\x13\xfd\x14\xd5u\xa5(\xe2\xc0\xdf6\xd2%\x89\x82w#F[-\x18h\xa5\xbd\xc4\xd5:\xc8\xcd\xa5\xa0\x0b\xf5\xc3\xb8\xb5\x02\x88\x03\xbf\xfb\xc5B\xeb\x98\xc2\xc3\xd3\xbe\x0fh\xe9/\xdaW\xb6\xd0\xcdgO$\xe6\xd5\x92\xc09m\xfc(\xaf\xa4\x18\x1d?#mS\xe1JY\x91 \x05}ds\r'
5.152.203.36, 443, b'D\xb0x\xa9h\x1a\xca3\xcf\x89\x1f\xf2\x1e\xbd\xf9_.q\xe5J\xea\x04\xee Dz\x0b\xdaS\xd7\xc4\xde\xccw\x12Z\xf0\xbe\xf2\x8f\xe3\xd1\x0eK8y=\xc0^\xf2\x0eFnEU?\x06l\x10\xb3uK\xe9Qg\xc1\n\xef~\xc5_\xce\xd67\xe9d~\xa9t\xe0\xeb\\,\xcb\xb1\x1f\xc2#R56!\x0es|5;\r\x12\xac\xae\x13\xfd\x14\xd5u\xa5(\xe2\xc0\xdf6\xd2%\x89\x82w#F[-\x18h\xa5\xbd\xc4\xd5:\xc8\xcd\xa5\xa0\x0b\xf5\xc3\xb8\xb5\x02\x88\x03\xbf\xfb\xc5B\xeb\x98\xc2\xc3\xd3\xbe\x0fh\xe9/\xdaW\xb6\xd0\xcdgO$\xe6\xd5\x92\xc09m\xfc(\xaf\xa4\x18\x1d?#mS\xe1JY\x91 \x05}ds\r'
81.174.140.108, 443, b'\xb87\x8f\xe4'
62.67.198.221, 80, b'D\xb0x\xa9h\x1a\xca3\xcf\x89\x1f\xf2\x1e\xbd\xf9_.q\xe5J\xea\x04\xee Dz\x0b\xdaS\xd7\xc4\xde\xccw\x12Z\xf0\xbe\xf2\x8f\xe3\xd1\x0eK8y=\xc0^\xf2\x0eFnEU?\x06l\x10\xb3uK\xe9Qg\xc1\n\xef~\xc5_\xce\xd67\xe9d~\xa9t\xe0\xeb\\,\xcb\xb1\x1f\xc2#R56!\x0es|5;\r\x12\xac\xae\x13\xfd\x14\xd5u\xa5(\xe2\xc0\xdf6\xd2%\x89\x82w#F[-\x18h\xa5\xbd\xc4\xd5:\xc8\xcd\xa5\xa0\x0b\xf5\xc3\xb8\xb5\x02\x88\x03\xbf\xfb\xc5B\xeb\x98\xc2\xc3\xd3\xbe\x0fh\xe9/\xdaW\xb6\xd0\xcdgO$\xe6\xd5\x92\xc09m\xfc(\xaf\xa4\x18\x1d?#mS\xe1JY\x91 \x05}ds\r'
195.89.147.93, 80, b'D\xb0x\xa9h\x1a\xca3\xcf\x89\x1f\xf2\x1e\xbd\xf9_.q\xe5J\xea\x04\xee Dz\x0b\xdaS\xd7\xc4\xde\xccw\x12Z\xf0\xbe\xf2\x8f\xe3\xd1\x0eK8y=\xc0^\xf2\x0eFnEU?\x06l\x10\xb3uK\xe9Qg\xc1\n\xef~\xc5_\xce\xd67\xe9d~\xa9t\xe0\xeb\\,\xcb\xb1\x1f\xc2#R56!\x0es|5;\r\x12\xac\xae\x13\xfd\x14\xd5u\xa5(\xe2\xc0\xdf6\xd2%\x89\x82w#F[-\x18h\xa5\xbd\xc4\xd5:\xc8\xcd\xa5\xa0\x0b\xf5\xc3\xb8\xb5\x02\x88\x03\xbf\xfb\xc5B\xeb\x98\xc2\xc3\xd3\xbe\x0fh\xe9/\xdaW\xb6\xd0\xcdgO$\xe6\xd5\x92\xc09m\xfc(\xaf\xa4\x18\x1d?#mS\xe1JY\x91 \x05}ds\r'
95.138.190.168, 80, b''
195.89.147.29, 80, b'D\xb0x\xa9h\x1a\xca3\xcf\x89\x1f\xf2\x1e\xbd\xf9_.q\xe5J\xea\x04\xee Dz\x0b\xdaS\xd7\xc4\xde\xccw\x12Z\xf0\xbe\xf2\x8f\xe3\xd1\x0eK8y=\xc0^\xf2\x0eFnEU?\x06l\x10\xb3uK\xe9Qg\xc1\n\xef~\xc5_\xce\xd67\xe9d~\xa9t\xe0\xeb\\,\xcb\xb1\x1f\xc2#R56!\x0es|5;\r\x12\xac\xae\x13\xfd\x14\xd5u\xa5(\xe2\xc0\xdf6\xd2%\x89\x82w#F[-\x18h\xa5\xbd\xc4\xd5:\xc8\xcd\xa5\xa0\x0b\xf5\xc3\xb8\xb5\x02\x88\x03\xbf\xfb\xc5B\xeb\x98\xc2\xc3\xd3\xbe\x0fh\xe9/\xdaW\xb6\xd0\xcdgO$\xe6\xd5\x92\xc09m\xfc(\xaf\xa4\x18\x1d?#mS\xe1JY\x91 \x05}ds\r'
162.13.195.22, 443, b''
213.242.96.183, 80, b'D\xb0x\xa9h\x1a\xca3\xcf\x89\x1f\xf2\x1e\xbd\xf9_.q\xe5J\xea\x04\xee Dz\x0b\xdaS\xd7\xc4\xde\xccw\x12Z\xf0\xbe\xf2\x8f\xe3\xd1\x0eK8y=\xc0^\xf2\x0eFnEU?\x06l\x10\xb3uK\xe9Qg\xc1\n\xef~\xc5_\xce\xd67\xe9d~\xa9t\xe0\xeb\\,\xcb\xb1\x1f\xc2#R56!\x0es|5;\r\x12\xac\xae\x13\xfd\x14\xd5u\xa5(\xe2\xc0\xdf6\xd2%\x89\x82w#F[-\x18h\xa5\xbd\xc4\xd5:\xc8\xcd\xa5\xa0\x0b\xf5\xc3\xb8\xb5\x02\x88\x03\xbf\xfb\xc5B\xeb\x98\xc2\xc3\xd3\xbe\x0fh\xe9/\xdaW\xb6\xd0\xcdgO$\xe6\xd5\x92\xc09m\xfc(\xaf\xa4\x18\x1d?#mS\xe1JY\x91 \x05}ds\r'
109.239.110.29, 80, b'D\xb0x\xa9h\x1a\xca3\xcf\x89\x1f\xf2\x1e\xbd\xf9_.q\xe5J\xea\x04\xee Dz\x0b\xdaS\xd7\xc4\xde\xccw\x12Z\xf0\xbe\xf2\x8f\xe3\xd1\x0eK8y=\xc0^\xf2\x0eFnEU?\x06l\x10\xb3uK\xe9Qg\xc1\n\xef~\xc5_\xce\xd67\xe9d~\xa9t\xe0\xeb\\,\xcb\xb1\x1f\xc2#R56!\x0es|5;\r\x12\xac\xae\x13\xfd\x14\xd5u\xa5(\xe2\xc0\xdf6\xd2%\x89\x82w#F[-\x18h\xa5\xbd\xc4\xd5:\xc8\xcd\xa5\xa0\x0b\xf5\xc3\xb8\xb5\x02\x88\x03\xbf\xfb\xc5B\xeb\x98\xc2\xc3\xd3\xbe\x0fh\xe9/\xdaW\xb6\xd0\xcdgO$\xe6\xd5\x92\xc09m\xfc(\xaf\xa4\x18\x1d?#mS\xe1JY\x91 \x05}ds\r'
195.89.146.29, 80, b'D\xb0x\xa9h\x1a\xca3\xcf\x89\x1f\xf2\x1e\xbd\xf9_.q\xe5J\xea\x04\xee Dz\x0b\xdaS\xd7\xc4\xde\xccw\x12Z\xf0\xbe\xf2\x8f\xe3\xd1\x0eK8y=\xc0^\xf2\x0eFnEU?\x06l\x10\xb3uK\xe9Qg\xc1\n\xef~\xc5_\xce\xd67\xe9d~\xa9t\xe0\xeb\\,\xcb\xb1\x1f\xc2#R56!\x0es|5;\r\x12\xac\xae\x13\xfd\x14\xd5u\xa5(\xe2\xc0\xdf6\xd2%\x89\x82w#F[-\x18h\xa5\xbd\xc4\xd5:\xc8\xcd\xa5\xa0\x0b\xf5\xc3\xb8\xb5\x02\x88\x03\xbf\xfb\xc5B\xeb\x98\xc2\xc3\xd3\xbe\x0fh\xe9/\xdaW\xb6\xd0\xcdgO$\xe6\xd5\x92\xc09m\xfc(\xaf\xa4\x18\x1d?#mS\xe1JY\x91 \x05}ds\r'
188.221.25.192, 443, b'\xb87\x8f\xe4'
86.128.49.76, 443, b'\xb87\x8f\xe4'
163.172.156.5, 80, b''
80.243.177.251, 8080, b'D\xb0x\xa9h\x1a\xca3\xcf\x89\x1f\xf2\x1e\xbd\xf9_.q\xe5J\xea\x04\xee Dz\x0b\xdaS\xd7\xc4\xde\xccw\x12Z\xf0\xbe\xf2\x8f\xe3\xd1\x0eK8y=\xc0^\xf2\x0eFnEU?\x06l\x10\xb3uK\xe9Qg\xc1\n\xef~\xc5_\xce\xd67\xe9d~\xa9t\xe0\xeb\\,\xcb\xb1\x1f\xc2#R56!\x0es|5;\r\x12\xac\xae\x13\xfd\x14\xd5u\xa5(\xe2\xc0\xdf6\xd2%\x89\x82w#F[-\x18h\xa5\xbd\xc4\xd5:\xc8\xcd\xa5\xa0\x0b\xf5\xc3\xb8\xb5\x02\x88\x03\xbf\xfb\xc5B\xeb\x98\xc2\xc3\xd3\xbe\x0fh\xe9/\xdaW\xb6\xd0\xcdgO$\xe6\xd5\x92\xc09m\xfc(\xaf\xa4\x18\x1d?#mS\xe1JY\x91 \x05}ds\r'
213.242.96.170, 80, b'D\xb0x\xa9h\x1a\xca3\xcf\x89\x1f\xf2\x1e\xbd\xf9_.q\xe5J\xea\x04\xee Dz\x0b\xdaS\xd7\xc4\xde\xccw\x12Z\xf0\xbe\xf2\x8f\xe3\xd1\x0eK8y=\xc0^\xf2\x0eFnEU?\x06l\x10\xb3uK\xe9Qg\xc1\n\xef~\xc5_\xce\xd67\xe9d~\xa9t\xe0\xeb\\,\xcb\xb1\x1f\xc2#R56!\x0es|5;\r\x12\xac\xae\x13\xfd\x14\xd5u\xa5(\xe2\xc0\xdf6\xd2%\x89\x82w#F[-\x18h\xa5\xbd\xc4\xd5:\xc8\xcd\xa5\xa0\x0b\xf5\xc3\xb8\xb5\x02\x88\x03\xbf\xfb\xc5B\xeb\x98\xc2\xc3\xd3\xbe\x0fh\xe9/\xdaW\xb6\xd0\xcdgO$\xe6\xd5\x92\xc09m\xfc(\xaf\xa4\x18\x1d?#mS\xe1JY\x91 \x05}ds\r'
5.198.67.116, 443, b'\xb87\x8f\xe4'
86.160.158.172, 443, b'\xb87\x8f\xe4'
195.89.146.157, 80, b'D\xb0x\xa9h\x1a\xca3\xcf\x89\x1f\xf2\x1e\xbd\xf9_.q\xe5J\xea\x04\xee Dz\x0b\xdaS\xd7\xc4\xde\xccw\x12Z\xf0\xbe\xf2\x8f\xe3\xd1\x0eK8y=\xc0^\xf2\x0eFnEU?\x06l\x10\xb3uK\xe9Qg\xc1\n\xef~\xc5_\xce\xd67\xe9d~\xa9t\xe0\xeb\\,\xcb\xb1\x1f\xc2#R56!\x0es|5;\r\x12\xac\xae\x13\xfd\x14\xd5u\xa5(\xe2\xc0\xdf6\xd2%\x89\x82w#F[-\x18h\xa5\xbd\xc4\xd5:\xc8\xcd\xa5\xa0\x0b\xf5\xc3\xb8\xb5\x02\x88\x03\xbf\xfb\xc5B\xeb\x98\xc2\xc3\xd3\xbe\x0fh\xe9/\xdaW\xb6\xd0\xcdgO$\xe6\xd5\x92\xc09m\xfc(\xaf\xa4\x18\x1d?#mS\xe1JY\x91 \x05}ds\r'
62.67.198.234, 80, b'D\xb0x\xa9h\x1a\xca3\xcf\x89\x1f\xf2\x1e\xbd\xf9_.q\xe5J\xea\x04\xee Dz\x0b\xdaS\xd7\xc4\xde\xccw\x12Z\xf0\xbe\xf2\x8f\xe3\xd1\x0eK8y=\xc0^\xf2\x0eFnEU?\x06l\x10\xb3uK\xe9Qg\xc1\n\xef~\xc5_\xce\xd67\xe9d~\xa9t\xe0\xeb\\,\xcb\xb1\x1f\xc2#R56!\x0es|5;\r\x12\xac\xae\x13\xfd\x14\xd5u\xa5(\xe2\xc0\xdf6\xd2%\x89\x82w#F[-\x18h\xa5\xbd\xc4\xd5:\xc8\xcd\xa5\xa0\x0b\xf5\xc3\xb8\xb5\x02\x88\x03\xbf\xfb\xc5B\xeb\x98\xc2\xc3\xd3\xbe\x0fh\xe9/\xdaW\xb6\xd0\xcdgO$\xe6\xd5\x92\xc09m\xfc(\xaf\xa4\x18\x1d?#mS\xe1JY\x91 \x05}ds\r'
195.89.147.80, 80, b'D\xb0x\xa9h\x1a\xca3\xcf\x89\x1f\xf2\x1e\xbd\xf9_.q\xe5J\xea\x04\xee Dz\x0b\xdaS\xd7\xc4\xde\xccw\x12Z\xf0\xbe\xf2\x8f\xe3\xd1\x0eK8y=\xc0^\xf2\x0eFnEU?\x06l\x10\xb3uK\xe9Qg\xc1\n\xef~\xc5_\xce\xd67\xe9d~\xa9t\xe0\xeb\\,\xcb\xb1\x1f\xc2#R56!\x0es|5;\r\x12\xac\xae\x13\xfd\x14\xd5u\xa5(\xe2\xc0\xdf6\xd2%\x89\x82w#F[-\x18h\xa5\xbd\xc4\xd5:\xc8\xcd\xa5\xa0\x0b\xf5\xc3\xb8\xb5\x02\x88\x03\xbf\xfb\xc5B\xeb\x98\xc2\xc3\xd3\xbe\x0fh\xe9/\xdaW\xb6\xd0\xcdgO$\xe6\xd5\x92\xc09m\xfc(\xaf\xa4\x18\x1d?#mS\xe1JY\x91 \x05}ds\r'
80.243.177.252, 8080, b'D\xb0x\xa9h\x1a\xca3\xcf\x89\x1f\xf2\x1e\xbd\xf9_.q\xe5J\xea\x04\xee Dz\x0b\xdaS\xd7\xc4\xde\xccw\x12Z\xf0\xbe\xf2\x8f\xe3\xd1\x0eK8y=\xc0^\xf2\x0eFnEU?\x06l\x10\xb3uK\xe9Qg\xc1\n\xef~\xc5_\xce\xd67\xe9d~\xa9t\xe0\xeb\\,\xcb\xb1\x1f\xc2#R56!\x0es|5;\r\x12\xac\xae\x13\xfd\x14\xd5u\xa5(\xe2\xc0\xdf6\xd2%\x89\x82w#F[-\x18h\xa5\xbd\xc4\xd5:\xc8\xcd\xa5\xa0\x0b\xf5\xc3\xb8\xb5\x02\x88\x03\xbf\xfb\xc5B\xeb\x98\xc2\xc3\xd3\xbe\x0fh\xe9/\xdaW\xb6\xd0\xcdgO$\xe6\xd5\x92\xc09m\xfc(\xaf\xa4\x18\x1d?#mS\xe1JY\x91 \x05}ds\r'
195.89.147.16, 80, b'D\xb0x\xa9h\x1a\xca3\xcf\x89\x1f\xf2\x1e\xbd\xf9_.q\xe5J\xea\x04\xee Dz\x0b\xdaS\xd7\xc4\xde\xccw\x12Z\xf0\xbe\xf2\x8f\xe3\xd1\x0eK8y=\xc0^\xf2\x0eFnEU?\x06l\x10\xb3uK\xe9Qg\xc1\n\xef~\xc5_\xce\xd67\xe9d~\xa9t\xe0\xeb\\,\xcb\xb1\x1f\xc2#R56!\x0es|5;\r\x12\xac\xae\x13\xfd\x14\xd5u\xa5(\xe2\xc0\xdf6\xd2%\x89\x82w#F[-\x18h\xa5\xbd\xc4\xd5:\xc8\xcd\xa5\xa0\x0b\xf5\xc3\xb8\xb5\x02\x88\x03\xbf\xfb\xc5B\xeb\x98\xc2\xc3\xd3\xbe\x0fh\xe9/\xdaW\xb6\xd0\xcdgO$\xe6\xd5\x92\xc09m\xfc(\xaf\xa4\x18\x1d?#mS\xe1JY\x91 \x05}ds\r'
81.5.185.69, 443, b'\xb87\x8f\xe4'
213.242.77.157, 80, b'D\xb0x\xa9h\x1a\xca3\xcf\x89\x1f\xf2\x1e\xbd\xf9_.q\xe5J\xea\x04\xee Dz\x0b\xdaS\xd7\xc4\xde\xccw\x12Z\xf0\xbe\xf2\x8f\xe3\xd1\x0eK8y=\xc0^\xf2\x0eFnEU?\x06l\x10\xb3uK\xe9Qg\xc1\n\xef~\xc5_\xce\xd67\xe9d~\xa9t\xe0\xeb\\,\xcb\xb1\x1f\xc2#R56!\x0es|5;\r\x12\xac\xae\x13\xfd\x14\xd5u\xa5(\xe2\xc0\xdf6\xd2%\x89\x82w#F[-\x18h\xa5\xbd\xc4\xd5:\xc8\xcd\xa5\xa0\x0b\xf5\xc3\xb8\xb5\x02\x88\x03\xbf\xfb\xc5B\xeb\x98\xc2\xc3\xd3\xbe\x0fh\xe9/\xdaW\xb6\xd0\xcdgO$\xe6\xd5\x92\xc09m\xfc(\xaf\xa4\x18\x1d?#mS\xe1JY\x91 \x05}ds\r'
79.73.56.147, 443, b'\xb87\x8f\xe4'
212.3.248.221, 80, b'D\xb0x\xa9h\x1a\xca3\xcf\x89\x1f\xf2\x1e\xbd\xf9_.q\xe5J\xea\x04\xee Dz\x0b\xdaS\xd7\xc4\xde\xccw\x12Z\xf0\xbe\xf2\x8f\xe3\xd1\x0eK8y=\xc0^\xf2\x0eFnEU?\x06l\x10\xb3uK\xe9Qg\xc1\n\xef~\xc5_\xce\xd67\xe9d~\xa9t\xe0\xeb\\,\xcb\xb1\x1f\xc2#R56!\x0es|5;\r\x12\xac\xae\x13\xfd\x14\xd5u\xa5(\xe2\xc0\xdf6\xd2%\x89\x82w#F[-\x18h\xa5\xbd\xc4\xd5:\xc8\xcd\xa5\xa0\x0b\xf5\xc3\xb8\xb5\x02\x88\x03\xbf\xfb\xc5B\xeb\x98\xc2\xc3\xd3\xbe\x0fh\xe9/\xdaW\xb6\xd0\xcdgO$\xe6\xd5\x92\xc09m\xfc(\xaf\xa4\x18\x1d?#mS\xe1JY\x91 \x05}ds\r'
94.236.67.152, 80, b''
81.133.134.68, 443, b'\xb87\x8f\xe4'
82.153.166.119, 443, b'\xb87\x8f\xe4'
195.171.220.89, 80, b''
86.139.74.160, 443, b'\xb87\x8f\xe4'
78.129.206.203, 443, b'D\xb0x\xa9h\x1a\xca3\xcf\x89\x1f\xf2\x1e\xbd\xf9_.q\xe5J\xea\x04\xee Dz\x0b\xdaS\xd7\xc4\xde\xccw\x12Z\xf0\xbe\xf2\x8f\xe3\xd1\x0eK8y=\xc0^\xf2\x0eFnEU?\x06l\x10\xb3uK\xe9Qg\xc1\n\xef~\xc5_\xce\xd67\xe9d~\xa9t\xe0\xeb\\,\xcb\xb1\x1f\xc2#R56!\x0es|5;\r\x12\xac\xae\x13\xfd\x14\xd5u\xa5(\xe2\xc0\xdf6\xd2%\x89\x82w#F[-\x18h\xa5\xbd\xc4\xd5:\xc8\xcd\xa5\xa0\x0b\xf5\xc3\xb8\xb5\x02\x88\x03\xbf\xfb\xc5B\xeb\x98\xc2\xc3\xd3\xbe\x0fh\xe9/\xdaW\xb6\xd0\xcdgO$\xe6\xd5\x92\xc09m\xfc(\xaf\xa4\x18\x1d?#mS\xe1JY\x91 \x05}ds\r'
