80.23.90.155:443 (b"\x10\x94\xf3\x02\xb0=U\xda\xaa2\xd47^\xfb\x01JG\x06\xa0u#{\xe1\xb1+\xa52\x1b\xb80\xba0\xbe\x93P\x11Z\xba\xc6\x0be\x9e\xf7\xc8\xc2a\xd3\xe8\xc2E\x04K\x06\xb8\x01\xc2\x81\xae\x1bK\xe7q\xf1\x90\x80\xe1\xbc^*\x95,\xb4\xb3\x0c\xfc\xab\xfd\xf3\xe7\r\x06\xb2S\xe9,\x1b=b\xde\xd7)\xe4\xe0\xc7\xc2\xed\xb3.\x19gS\x11\x82&\xdc\xbb_\x1a\xbdM\xa2\xbc\x01\x03\xc8\x94z\xdc;\xd4;\xdd\xf8\xec\xddQ\x98\xd0\x00\x00\t\xff<\x00\xa9\xab\xf3\x0e\xb6\x9e\xa7\xe2U'\x9f|H\xach\xc8>\x88is4V6S\x0c\x98\xb5\x9c\xffX_\x87\xacv\x90p\xd9\x10\xed\x1e'\x9d\xd9\x7f\x8c\x9dd\x15pF\x85\xa7PNq\xc1\x1d\xb3 \xb3\xd5\xcf{\xcb\xc0\xf53\xf98\x01\xbeM\xaf\x0f\xb5\xc4@\x07\\&\xb6\xa2\x1a\xb5@k\x1c#e\xe4\xfe\xca\xfd\xdd\xf4\xff\xbc\x14\xee\xe06RPLI\x9a\x9aU\xcb\xb9\xed\x1f\xef`!\xa6\x00\x00\xb7\xed(\xfdP\x90\xe7\xbf\xf5z\xabZ \x9f\xf7\x03\x98\xcf6}\n\xe3\x98\x1b\xde\x19\xbb6+\x07H\xa2\xc7\x00_\x08#\x99L\xd8\x1d\xadm\xd7A\x9c\x9c\xd2]\x7f\xca\xba_\xcfa\xef\xc8\xb1B!\xfa\xce\x08\x0e\xfb\x13\x89W\xbc\xee+\xb2J\xec\xdf\x8dGy\xd4\xa7\x83\x07\xa0\xdc\xd1\x180\x10j\xe5\x19Hu\xd7q\x94\xd8\x8d\x16\xe1\xa0%V\x8c\xb1\x06H\xbc\x96\xcd`\xefng\xe3Y\xb7\x90\xc7\xe6\x87#\xcb\xce7\x89," --/-- b'D\xb0x\xa9h\x1a\xca3\xcf\x89\x1f\xf2\x1e\xbd\xf9_.q\xe5J\xea\x04\xee Dz\x0b\xdaS\xd7\xc4\xde\xccw\x12Z\xf0\xbe\xf2\x8f\xe3\xd1\x0eK8y=\xc0^\xf2\x0eFnEU?\x06l\x10\xb3uK\xe9Qg\xc1\n\xef~\xc5_\xce\xd67\xe9d~\xa9t\xe0\xeb\\,\xcb\xb1\x1f\xc2#R56!\x0es|5;\r\x12\xac\xae\x13\xfd\x14\xd5u\xa5(\xe2\xc0\xdf6\xd2%\x89\x82w#F[-\x18h\xa5\xbd\xc4\xd5:\xc8\xcd\xa5\xa0\x0b\xf5\xc3\xb8\xb5\x02\x88\x03\xbf\xfb\xc5B\xeb\x98\xc2\xc3\xd3\xbe\x0fh\xe9/\xdaW\xb6\xd0\xcdgO$\xe6\xd5\x92\xc09m\xfc(\xaf\xa4\x18\x1d?#mS\xe1JY\x91 \x05}ds\r')
95.150.72.177:443 (b'$\xf3\xc9u\x07\r\xf0\x84-\x86%\x0e\x04\x8b\xbf8\x05\x87\n\x1e\xc9\xf6\xe2s\xbd\xdc\xf4\xf5.\xdaZ7gQ7\xa4\xb9w\xa1">\xc7J\xea\x1e\xbfS]\\\xc3\xb36;d>\x00\xc3\xbc4f\x88\x87a\xca\xa22q\'\x8a\x02}9\x16\xda\x9a$\x92-#\'\x80\r\r\xb0_xr\x033LNrB\xec?M\x1bl?\x15i3\x88\x97\xe1d\xa2\xa2\x8d\xc3\xd0\\\'\xb3\xf9_i\xec\xa51\x8b\xd4K\xaeX\xc7C}\xa9\x13\xc4\xff[\xb7j\xbe\x9a\xe9y\x12\x89qf30\xa1;V6\x8e5\xab&S\x86\xa4wQ\xc5\xdb`Z\xf2#\xc1\xf2\xdb\xca\xae\xac\xd1\x144\x12\xb8\x1c\xd6\xf0\xe6\x97\xb2~\xd6\xfd9\n#\xebB\xa4\xcc\x1f' --/-- b'\xb87\x8f\xe4')
81.100.219.129:443 (b'+\x02ht<+\xd5\x9b\x83\xc84\xf9\xd0\xfe\xa8\xff\x0c\xb3\x87\x9a\x0c\xa2\x88k\xc19\x86L\xd8\x01\x1d\xeb^\x82\x01Va\t\x9b/(&\xeap\x0fI:\xe2\xd6\xfbDP\xfe\xb9\x81\x12\xa6&s\x11\x93V}\xae\x7f\xb5\xb2\x05W=\xb9\xf8s\x9d-\\>\xea\xc0\xd4\x92E\xd4\x8e\xbe(\xf6\xf8\xeeI\xa7\x1f\x8c\xf8t\x1f:\xd4>"\x80\x84\x1e\xb9\xcc\x0f\xc3\x80\xba\x9f\xb8\x0c\xbe\x0c\xe6\x1d\xb7\xc9\xbf\xfb\xff\xb1f\x8d\x8d\x90\x92\xb7\xc2C\xc4\xff2\x10\x19\xf1#O\xabj\xc3\xa7_~\x82D\t-s\xe2\xf6\x9d\x95\x83R\xfc\x84\x8f\x06\xd82\x1f\x9aq\xd56Gr\x14\x85\x01\x90\xdb\x9f\x8e\x9b\x9d\xb9\xf1lq+c\x97\xad\x16]\xe0\xcc\x97\xe6\x0e' --/-- b'\xb87\x8f\xe4')
82.153.166.119:443 (b'\xe8S\xf2\xe4<\x02M\x16\xc7\x1aK\x8e4\xcc\xab\x0b7\x87\xa0N\xa8\x02*\x15W]9\x8e\xeeK-\xb2\x1c\x9dH\xb26Q\xa41\x1c\x11n\xf90\xc7\xc9\xc2\\Y)\x11s]\xc9\x0c\xf4\xbd\x05\xec\xd0\xa9\xd8Zy\x9dRb\xe4\xa1\xbb\'^t$w\\_\xe0o\xf1CV\x11\x03\x84we~*+(h5\x95\xdf\xd8\xc5L\xdd\xe5\xba\tD\xbe\x9e\xae\xf2\x85_g\x8c\xaf|\x9b\xa0\xdb\x1b\x13t\xb3\xd5\xeb\xc2^\x82\xfaYT\x01\xc4\xff\xbbo"\xc5\x14\x97\xa3b\xb6\xeff\\O\xf4^\xdc$\x9f\xc8\x9d\xd9\x9b1\xe4!k Ac\x92Y\xd5&k(V}\xadU\\\x17Oe\x0c\xd6`\xaa\xe3\xf2\xca\x96\x10h \xfe.\xdc\x8a\x90a' --/-- b'\xb87\x8f\xe4')
130.241.34.38:443 (b'q$\xe7\xf4H_\xb9\\\xb8\x81\x05&\x14\xb5\xd9\xae\xf9\xcft\xdaVHI\xa8-\x9a\xe9\xc3\xd7\x18\xb1u\xe5\xa8)\xc6\xb4\xdd\xefGN\xcd\xe7q\xe5\x01?\xbf\xbex\xea\xe4\xea$\xf8\xcc\x85\xae\x15")\x9bsM\xf3\xbe4%-\x89o^j\x92\xfc\x0c\x8auh\x0b\xfc\xba\xf5\x8d\xb4%_U7o\xda\xc2v\xc0\xc4V1\x06\x04\xc0\x04\xb6s\x16\xfb\xebRV\xec;\x1eG\x8b\xe8\r\xbb}\x8d\x14\xe8!\x8b%\xa0P\xf7Llp\x08\xc4\xff\xad\xaaW Wk\xfa\xa2\xfc\xb7l\x00U\xe6\xc3\x90P8<\xeb|\x077\x80[I\xf6G\xdcP\xef(k}\xf80\x07;\xd3&\xd3\xfdXK\xf9\xbb;\xe9n\xf6\xe8\x93\xbcL}<\xe0\x97\\Y' --/-- b'\xb87\x8f\xe4')
62.75.197.197:443 (b"\x10\x94\xf3\x02\xb0=U\xda\xaa2\xd47^\xfb\x01JG\x06\xa0u#{\xe1\xb1+\xa52\x1b\xb80\xba0\xbe\x93P\x11Z\xba\xc6\x0be\x9e\xf7\xc8\xc2a\xd3\xe8\xc2E\x04K\x06\xb8\x01\xc2\x81\xae\x1bK\xe7q\xf1\x90\x80\xe1\xbc^*\x95,\xb4\xb3\x0c\xfc\xab\xfd\xf3\xe7\r\x06\xb2S\xe9,\x1b=b\xde\xd7)\xe4\xe0\xc7\xc2\xed\xb3.\x19gS\x11\x82&\xdc\xbb_\x1a\xbdM\xa2\xbc\x01\x03\xc8\x94z\xdc;\xd4;\xdd\xf8\xec\xddQ\x98\xd0\x00\x00\t\xff<\x00\xa9\xab\xf3\x0e\xb6\x9e\xa7\xe2U'\x9f|H\xach\xc8>\x88is4V6S\x0c\x98\xb5\x9c\xffX_\x87\xacv\x90p\xd9\x10\xed\x1e'\x9d\xd9\x7f\x8c\x9dd\x15pF\x85\xa7PNq\xc1\x1d\xb3 \xb3\xd5\xcf{\xcb\xc0\xf53\xf98\x01\xbeM\xaf\x0f\xb5\xc4@\x07\\&\xb6\xa2\x1a\xb5@k\x1c#e\xe4\xfe\xca\xfd\xdd\xf4\xff\xbc\x14\xee\xe06RPLI\x9a\x9aU\xcb\xb9\xed\x1f\xef`!\xa6\x00\x00\xb7\xed(\xfdP\x90\xe7\xbf\xf5z\xabZ \x9f\xf7\x03\x98\xcf6}\n\xe3\x98\x1b\xde\x19\xbb6+\x07H\xa2\xc7\x00_\x08#\x99L\xd8\x1d\xadm\xd7A\x9c\x9c\xd2]\x7f\xca\xba_\xcfa\xef\xc8\xb1B!\xfa\xce\x08\x0e\xfb\x13\x89W\xbc\xee+\xb2J\xec\xdf\x8dGy\xd4\xa7\x83\x07\xa0\xdc\xd1\x180\x10j\xe5\x19Hu\xd7q\x94\xd8\x8d\x16\xe1\xa0%V\x8c\xb1\x06H\xbc\x96\xcd`\xefng\xe3Y\xb7\x90\xc7\xe6\x87#\xcb\xce7\x89," --/-- b'D\xb0x\xa9h\x1a\xca3\xcf\x89\x1f\xf2\x1e\xbd\xf9_.q\xe5J\xea\x04\xee Dz\x0b\xdaS\xd7\xc4\xde\xccw\x12Z\xf0\xbe\xf2\x8f\xe3\xd1\x0eK8y=\xc0^\xf2\x0eFnEU?\x06l\x10\xb3uK\xe9Qg\xc1\n\xef~\xc5_\xce\xd67\xe9d~\xa9t\xe0\xeb\\,\xcb\xb1\x1f\xc2#R56!\x0es|5;\r\x12\xac\xae\x13\xfd\x14\xd5u\xa5(\xe2\xc0\xdf6\xd2%\x89\x82w#F[-\x18h\xa5\xbd\xc4\xd5:\xc8\xcd\xa5\xa0\x0b\xf5\xc3\xb8\xb5\x02\x88\x03\xbf\xfb\xc5B\xeb\x98\xc2\xc3\xd3\xbe\x0fh\xe9/\xdaW\xb6\xd0\xcdgO$\xe6\xd5\x92\xc09m\xfc(\xaf\xa4\x18\x1d?#mS\xe1JY\x91 \x05}ds\r')
51.52.81.84:443 (b'KYn\x18"\xe5\xc2\x13\xc01\x90DMK\xef\xf4\x82\x9fo\xb4\xcd4\x15\xcb \xd6\x98\xe3\xa1PK\xa0\x15\xf2\xd4WJ\xdayc\x1e*\xdeFr\xd6i^\xd0\x07\xec\xc5\x86\r\x9d\x1d\xefU\xd6_p&\n\xa8\x8a\x85\x1f\x1f\xfb\xd4\xc6M\x99\xf5\xd1$\xcd\xe9\x8e\xeb\x91\x8a\xf2\xd3M7P\x8c;\x18o\x93\xefU\xdb\x11,-\x98\xfaw\x80\x89P\xd3\x06\x8a\xa4\x9ao\xa8\x88\xcfa6\xa4+p\xbc}DQjD\x919`\xe9s[\xc4\xff\xe7:\xb0\xec\xe4!\xf1\x93\xb0`\xaa\xbb\xfd\xdc\x02\x0e\xd8EY\x8f\xde<[\xc0p/\x18\x0b\x05\xab\xb8\'\x8a]"\x8d\xacLGw\x05\xda\x93C\x99TH\xb2h\x12w\xba\xb3\xa9\x18\xe8\xc9\xa6\x10\x1b' --/-- b'\xb87\x8f\xe4')
81.137.92.68:443 (b'q\xbd}@\xe9S\x80\x12\xde\xaa\xfa\x1e\xbf\xc5\xf5iKh%\xaad\x12\xf0\x13\xf0>0\x00Po\xf3\xfd\x0bw\x07\x06W4O}\xda\xef@m\xb1(\x05\x0e\rr\xc5\x00H\x1b\xfam\x97=\x9d\x91\t\x90\x9b~_U\xf7yM\x81\xf8\x91\xd93&\x065\xcd\xabS"\x8bW4\x83\x13L\xdf\xce\xc9\xb0\xf0+\x16\x05\xb3\x9cm\xc5\xb2>\x89\x92\x8e\x85\xfa\'\xa3\x95O9i\xe5G\xfe\x13\x1b\xd1\x1f \x8dq\x9c\xcc_\x14\xb4~\xcck\xc4\xff\x96R\xfd\xf3;\xc8N\xb4\xeb\x992\x8ej\xbe\x93\x8b{\xe6!\x84%\x1a\xc3\r\xa0(\x1c%\x99w\xf8\x88\x89\x1e\x14<\x97\xa4nc3\xb1\xd7\xb2\xb1@5%\x00B\x93\xf1\xf8\x03\xf4D\x8eRE\x98' --/-- b'\xb87\x8f\xe4')
194.42.115.166:443 (b"\x10\x94\xf3\x02\xb0=U\xda\xaa2\xd47^\xfb\x01JG\x06\xa0u#{\xe1\xb1+\xa52\x1b\xb80\xba0\xbe\x93P\x11Z\xba\xc6\x0be\x9e\xf7\xc8\xc2a\xd3\xe8\xc2E\x04K\x06\xb8\x01\xc2\x81\xae\x1bK\xe7q\xf1\x90\x80\xe1\xbc^*\x95,\xb4\xb3\x0c\xfc\xab\xfd\xf3\xe7\r\x06\xb2S\xe9,\x1b=b\xde\xd7)\xe4\xe0\xc7\xc2\xed\xb3.\x19gS\x11\x82&\xdc\xbb_\x1a\xbdM\xa2\xbc\x01\x03\xc8\x94z\xdc;\xd4;\xdd\xf8\xec\xddQ\x98\xd0\x00\x00\t\xff<\x00\xa9\xab\xf3\x0e\xb6\x9e\xa7\xe2U'\x9f|H\xach\xc8>\x88is4V6S\x0c\x98\xb5\x9c\xffX_\x87\xacv\x90p\xd9\x10\xed\x1e'\x9d\xd9\x7f\x8c\x9dd\x15pF\x85\xa7PNq\xc1\x1d\xb3 \xb3\xd5\xcf{\xcb\xc0\xf53\xf98\x01\xbeM\xaf\x0f\xb5\xc4@\x07\\&\xb6\xa2\x1a\xb5@k\x1c#e\xe4\xfe\xca\xfd\xdd\xf4\xff\xbc\x14\xee\xe06RPLI\x9a\x9aU\xcb\xb9\xed\x1f\xef`!\xa6\x00\x00\xb7\xed(\xfdP\x90\xe7\xbf\xf5z\xabZ \x9f\xf7\x03\x98\xcf6}\n\xe3\x98\x1b\xde\x19\xbb6+\x07H\xa2\xc7\x00_\x08#\x99L\xd8\x1d\xadm\xd7A\x9c\x9c\xd2]\x7f\xca\xba_\xcfa\xef\xc8\xb1B!\xfa\xce\x08\x0e\xfb\x13\x89W\xbc\xee+\xb2J\xec\xdf\x8dGy\xd4\xa7\x83\x07\xa0\xdc\xd1\x180\x10j\xe5\x19Hu\xd7q\x94\xd8\x8d\x16\xe1\xa0%V\x8c\xb1\x06H\xbc\x96\xcd`\xefng\xe3Y\xb7\x90\xc7\xe6\x87#\xcb\xce7\x89," --/-- b'D\xb0x\xa9h\x1a\xca3\xcf\x89\x1f\xf2\x1e\xbd\xf9_.q\xe5J\xea\x04\xee Dz\x0b\xdaS\xd7\xc4\xde\xccw\x12Z\xf0\xbe\xf2\x8f\xe3\xd1\x0eK8y=\xc0^\xf2\x0eFnEU?\x06l\x10\xb3uK\xe9Qg\xc1\n\xef~\xc5_\xce\xd67\xe9d~\xa9t\xe0\xeb\\,\xcb\xb1\x1f\xc2#R56!\x0es|5;\r\x12\xac\xae\x13\xfd\x14\xd5u\xa5(\xe2\xc0\xdf6\xd2%\x89\x82w#F[-\x18h\xa5\xbd\xc4\xd5:\xc8\xcd\xa5\xa0\x0b\xf5\xc3\xb8\xb5\x02\x88\x03\xbf\xfb\xc5B\xeb\x98\xc2\xc3\xd3\xbe\x0fh\xe9/\xdaW\xb6\xd0\xcdgO$\xe6\xd5\x92\xc09m\xfc(\xaf\xa4\x18\x1d?#mS\xe1JY\x91 \x05}ds\r')
81.137.92.71:443 (b'\x19\x9c\xe8\xb1[\xf4\xe2\x91\xd0Y\x022\x19"\xa73\x03\t\x0f\xc3\\\x02\xde\x0b\x9a\xdf\x10\x89\xb05\x82\xbdW\x08\xfb\xf7\xcb\xab\xe6\x02\xfd\xb1\xdb\x10L\xdb\xfcy\\\r\xfd\x16[\xc4\xb7B\xeb\x99\xb1\nY\xa0\xe4\x0e\xf2F\x11\xea\x9e|\x14\xe85\x846\x96^6\x82:<\xfa\x19\xdf<\x92YT\x84\xa8\xb2\t\x94\x86L\xfc\x9e\xba;5\x8c\xb0\x91r1\x02.._Vr\x8c\x19+\x9c\xd0\x0bU\x00\xb6\xc41\xa2\x90?\xd6\x07\xf2U#\xc4\xff\x96\xe7\xdd\x00\xfd\x9e\x93\xf17\xb0\x9cR\xee\x96(q\xc3\xc2\xfc+\\\xd1\xbb\x00\xfe~~\xbc\x8d\xd2\x98\xe9)7\xa4%\x13\x82\xdb>~\xa5\x13\xf3`\xad\xee\x13^\x8c\x89\x8bu(\xa0\xc4\x9b\x16\x81\xc1' --/-- b'\xb87\x8f\xe4')
194.119.211.166:443 (b"\x15\xa1\x0c\x16\\\xd5\x05\xd4\xb7\x1a\xb8\x7f\x83\xf2,:\xeae\x0c\xae\xffj'\xa7HR\xb3\xd3\xe7\x13\xcb\xdf*8\xf8\x8d\xcd5-\x9d\xfa\xab5\xdc\xd2M\x8e\xe7[jN\xac\xe4|\xb3\xc2\xa9\x80\x89}\xcaX3\xd5\xa1\xd8\xad{\xce\xff\x02\xdc\x87\x01\x19`Y/'\xb0:\xb9\xe6\x97\xa7\x84\x87[\x86\xe8\xae\x9d\xf2\xdbE\xcb4\x8c\x02\x00\xab\xa2\xe3\x8a\xdb&\x80\xcf\x86\xd2N?\xa7I\x1d3j\xf1\xd3\xaa}T/\xfaRY\x84liA\xc4\xff\x9e\x1f\x94I\xa7\x8c\x13s\x95\x06\x02J(\xbe\xd6\xf2\x94W\xbd\x92\x07Q\x0ck\xd9G\x08\xf2N\xf6R\xd0\x9f3a-\xe8\n\xc6\x80e\x8c[\xf3\xa3\x8bf\xf8b\xf9\x95\xfa\x88\xbcw\xc7\x98S\xcb\xf5" --/-- b'\xb87\x8f\xe4')
81.5.185.69:443 (b'\x9e\xddc\x17\x1a/\xbd\x8f\x0cl-\xfb\xa9\x9a(C\x91\x13\t\xe9B\x0f\xd4\x1c\xfe\x00\x83\xe4\x8b$[\xe4\x85\x03\xe9pz`\xd1!\x8d\xa2\x85\xec\x9cU\x02\x1c\xa0r+\x9c\xd4\x89\r\x81\x12K[\xd2XR]\xc4\xcc w\x148t\x9a\xf1D\xc5A\x17e\x0c\x973!\xcc$7G\xb0\x83Bx/\x8d3\xed\x1b\xd5_$v9%sR\xbc?\xfd(\xec=\x8cWM\xbf\xcc\xe2\x9fO\x19\x14U%\xed\xbcO/\xc5\x820\x98\xdcs\xc4\xff\xd9\xa5\t\xd3-\x0fW*\x17qwq\xd3\xffk\x99N?:\x84\xc2\x9fb7\xa5\x85\xe1\x83\xa3x\x9fZ\x0c\xdc)\\\x93\xe3V\xaf\x8c^\xa7\xefsk~\x95\x0b\x05\xe2\xb2b\xcf\xc2\x86\x00\xa2\xf8\xa7' --/-- b'\xb87\x8f\xe4')
89.242.6.199:443 (b'm\x87\xfb\xc3\xba\xc3H1Fp\xbf,un\xa2B\n\xa4L|,\x1c\xd4\xa6\xc6\x04)v\x1fB\x7f\xf7\xeaG)\x8c\x91X\x891}\xe2x\x18+\x9e\x8f\x03@1g\xb5\x01\xaf\xc2\xd0dK\xden\xecz\xeb\xe8\x8e\x95\xae)fL\xff\xfeb"\xde\t\xce\xbc\xc2g:/X\\\x8f^\x06\xb6\\\xcai\x19\xd5Q\xf9\xc9\xdcb\xe7E|\xc1\x99\xdb\xf7\'\x06$\x08\x1b\x07e\x86\x03\xa6f\xf2\xf5\xa0\xea\xbc\x84\xa52\xa6\xb6V\x94\xbfc\xc4\xff\xb3>$\xf6\x05P\xf03\x86H\xdaa\x80\xe3\xce5\x10:\xdaZ#\x1fX\x0cw\xa8\xa1I\xc9\xff\xb7\x17\x10\x97\xd7=\x02&\x98\xb5mP\xb0d\x15\x14\xa89T\xa1\xbaQ\xe5$l\xaf\x17cdc' --/-- b'\xb87\x8f\xe4')
195.235.88.217:443 (b"\x10\x94\xf3\x02\xb0=U\xda\xaa2\xd47^\xfb\x01JG\x06\xa0u#{\xe1\xb1+\xa52\x1b\xb80\xba0\xbe\x93P\x11Z\xba\xc6\x0be\x9e\xf7\xc8\xc2a\xd3\xe8\xc2E\x04K\x06\xb8\x01\xc2\x81\xae\x1bK\xe7q\xf1\x90\x80\xe1\xbc^*\x95,\xb4\xb3\x0c\xfc\xab\xfd\xf3\xe7\r\x06\xb2S\xe9,\x1b=b\xde\xd7)\xe4\xe0\xc7\xc2\xed\xb3.\x19gS\x11\x82&\xdc\xbb_\x1a\xbdM\xa2\xbc\x01\x03\xc8\x94z\xdc;\xd4;\xdd\xf8\xec\xddQ\x98\xd0\x00\x00\t\xff<\x00\xa9\xab\xf3\x0e\xb6\x9e\xa7\xe2U'\x9f|H\xach\xc8>\x88is4V6S\x0c\x98\xb5\x9c\xffX_\x87\xacv\x90p\xd9\x10\xed\x1e'\x9d\xd9\x7f\x8c\x9dd\x15pF\x85\xa7PNq\xc1\x1d\xb3 \xb3\xd5\xcf{\xcb\xc0\xf53\xf98\x01\xbeM\xaf\x0f\xb5\xc4@\x07\\&\xb6\xa2\x1a\xb5@k\x1c#e\xe4\xfe\xca\xfd\xdd\xf4\xff\xbc\x14\xee\xe06RPLI\x9a\x9aU\xcb\xb9\xed\x1f\xef`!\xa6\x00\x00\xb7\xed(\xfdP\x90\xe7\xbf\xf5z\xabZ \x9f\xf7\x03\x98\xcf6}\n\xe3\x98\x1b\xde\x19\xbb6+\x07H\xa2\xc7\x00_\x08#\x99L\xd8\x1d\xadm\xd7A\x9c\x9c\xd2]\x7f\xca\xba_\xcfa\xef\xc8\xb1B!\xfa\xce\x08\x0e\xfb\x13\x89W\xbc\xee+\xb2J\xec\xdf\x8dGy\xd4\xa7\x83\x07\xa0\xdc\xd1\x180\x10j\xe5\x19Hu\xd7q\x94\xd8\x8d\x16\xe1\xa0%V\x8c\xb1\x06H\xbc\x96\xcd`\xefng\xe3Y\xb7\x90\xc7\xe6\x87#\xcb\xce7\x89," --/-- b'D\xb0x\xa9h\x1a\xca3\xcf\x89\x1f\xf2\x1e\xbd\xf9_.q\xe5J\xea\x04\xee Dz\x0b\xdaS\xd7\xc4\xde\xccw\x12Z\xf0\xbe\xf2\x8f\xe3\xd1\x0eK8y=\xc0^\xf2\x0eFnEU?\x06l\x10\xb3uK\xe9Qg\xc1\n\xef~\xc5_\xce\xd67\xe9d~\xa9t\xe0\xeb\\,\xcb\xb1\x1f\xc2#R56!\x0es|5;\r\x12\xac\xae\x13\xfd\x14\xd5u\xa5(\xe2\xc0\xdf6\xd2%\x89\x82w#F[-\x18h\xa5\xbd\xc4\xd5:\xc8\xcd\xa5\xa0\x0b\xf5\xc3\xb8\xb5\x02\x88\x03\xbf\xfb\xc5B\xeb\x98\xc2\xc3\xd3\xbe\x0fh\xe9/\xdaW\xb6\xd0\xcdgO$\xe6\xd5\x92\xc09m\xfc(\xaf\xa4\x18\x1d?#mS\xe1JY\x91 \x05}ds\r')
46.9.112.254:443 (b'\xb4\x9a\xc4SNt9\x0cZ\xbf!\xf5\x9c\xedc}=\x84xw\tW\x9e\x8bUd\x96\xd59Y3\xf8\xd7\x93n\xda\x0b\x90E\xf4\xa8?sp\xa7\xe0\x1b\xdb)M?;\xf8I\x19\xeeq\xd4\x0bbZdqL\xee\xb7\x9b\xb5i\x83\xa5\x874\xc4mxI\xe4\t#F2\x088cJ\xc8\xa9\x01\xa5\xa4\xc6\x18^Hpcj\xd9\xaa\xf1\xb1\x9a\xd6\xc9~\xae\xf3\xbc!rZ\xbd~\x17]\x11\x94\x9a`6\x8f$\xe4\xa4\xd4\xa0\x07\x99E\xc4\xff\x94C\xa3\xe3\x97%\xbf\x16.\xcc\xca\x03\xf0/&5\xeb\xf7\x9a\xa9@c\x98\xc9\x16\x12\xd2\xe3\xb5c\x0f\xddH\xffm\xf0\xf4\xc4DF\xc2\xb9\x88\x1dR\x15\xaa\xbb\xd9\x9c\xac\xeb\x985\xecdj\x00\xa1\xcb' --/-- b'\xb87\x8f\xe4')
213.123.178.59:443 (b'&,\xdf"Y\xbb\xfdO\xc6\xe8\xd5\x08\xe8\x01m\xa9!\xa8\x07-\xf7\xf2\xa3\x08\r\xf0\x1c\xff \xdd\xd4\xe2"\\\x0b\x1c\xa8\x91vl5s\xa0<F\xa9I(\x80\x1b\xddG\xa9\xb9V\xb7\x89\x95\x8c\'\xf3\xfb\xf95!\x15\x16\x9f\x81\xd2\x0b\xc9JSwQ`\xb4\xefx?\x1a\xbf\x00\x84\xb4G\xe9TN\x9e\x7f\xf6\xb7\x12d\xda\xe3\x1e\xfb\xea\xf7$\x95C\\\xc0\n\xa2\xb3\rGO3p\xeb\xfdA\x13#V\x08vJ\x00\'\xd0=\x0fa\xc4\xff\xcdF@\xb6\x92b\x87+\x9d\x07\x8fRd-\x1dL\x08\x9eSK\xd9\xa5e^y\xdb\xeaFhq\xca6\x8d\x8f\xa8\xdf48\xc7q\x83D\x07\xcbe\xdc7\xf2O\xddQi\xe4\xbc\xd0\x17\xf5M\xee\xfe' --/-- b'\xb87\x8f\xe4')
95.45.234.219:443 (b'\xe5\xddM\x12BK9\xe6\x1d\x99\x89$\xc2\x1f\x1b\x8e\xbds\x1b\x13\xf6\x85E\xa7q\xed\xa9\x8f+\x0fZ\xe0D\xecIe\xa7\xc6\x08\xc3z\xdevc\xdb?\xf8A\x9f\xc0\xa9\xaf\xc1\x06Q%\xb0M\xee\x82\x04B:!S\xef\xc2\xe6\xc2Q\xf5-\xb0\x1b\xd3\xe4\x94p0MvC1\x00\x1dH\xceO\x02p\x0e\x91\xf1\xbc\x9c\xbb\xe9l`;\x14\xc3@\x13\xe5\x17 \xb9\xd1\xcau\xce\xf6\xaf\xe8C\xda\xeb\xca+\x83\xb2m\x91r\x18\xcb(\xb8H\xc4\xffc0\x9f\x93\xd8\xe1p@\x1c\xe2\xc8\xd6\r\x08\x0c\x93U\x8a\x14\xa9(0\xc7\x11\xbf\x9bl\xa5\xefN\xb2\xab\xe0\xf5\x87\x1b\xcd\xedv\x97t\x89d#\x85\r\x00\xff\x92\x8dI\xdc\x00\xbb\xabGe\xbfd|' --/-- b'\xb87\x8f\xe4')
5.198.67.116:443 (b"\x07\x8f\tq\xe6\x0b\x84\\\x93W}nx\x85\xf1\x85\xc5RF7\xc1\xac\xd8H1\xe5/\xa5$!\x82\x02\xad\x8f\x07\x14Iz\xb4`\xa4\xa5\nl\rQ\xe3\xe6'\xea3\x7f\xaf\xe7>\xfe\xb2\x19E\x8a\xe0\xef\xfa\xde0{\xbcGjQ\x9e:\x0f\xbe\xce\xbc\xfdQX\xc5+\x113\x1f\xeb\xb7|O\xc9\x86\x83\xcf\x82\x9c>\x88f7\x00\x7f\x12\xf1\xc3,6!G\xe4\x82\xf5\xa4&\xa9\xb6\xeaS\x06\x92\x12\x9c\xfe\xc9\xb7W:\x8b|\x9e\x87\x0b\xc4\xff\x81\x19L4RD]\x17P:\xc3k\x93\xc7\xec\x05]\xbfX\x1cd\x88\xa2\x1e]\xd1h\xaa\x1b\xcd\xb8\xea\xc2\x08\x8dI\xb4\xb8\xber\x17\x94\x9f\x7f\xe9\xe4m\xa3\x95tQ\xd0W\xe7\x11\xef/'c\xf0" --/-- b'\xb87\x8f\xe4')
81.137.92.66:443 (b'\xd0\xa9\r\xe1\xab7\xb2\xbcI\xb1\xfc\x96\xe9`i\xc4\xd65\xfd\xadW\xc9\xbc*(\x1c:\xc5\xf3\xd9Y<\xce\xf6\x87\xb2G\x809\xbf\xe9\xee$c\x17\x18\x99\x0c\xc6:3\xc7\xd2l8f\xe0\x84\xde\xf2H\xa2nG\xc1Xk\xd84\xce\x8eh\xa1\xc3\xce\xac\xe9k\xed\xc6p\xa5m\xa4\xea2\x84!*}.L\xf4f%\xb2ZvS\x97\xc9\x08\x1e\xd1\xb1Hdm\xa4\xe2A\xf6\xe6\xbfc{\xf2\xac;7@\xc6$\xb6\xaf\xd9{5\nH\xc4\xff\x9c.=\xd8\x97\xca\x04\x00Jr\xa1;\xd8P\xfa\x15\x0c{\xd9sN\x91\xc4\xb8\xb5\xbe\x96R\xf8\xbd0(\xf9\x85\xf1\xe4\xb0\xacD\xf6\xffG\x89E\x9d\xbb\x042\xbf\x82>u\xe7\xd2eD\xf9\x8f\x00:' --/-- b'\xb87\x8f\xe4')
81.137.92.65:443 (b'[\xc5w\xd8\xd5\xe9&\x8f8^H\x0e\x7f\xf08F\xb4\xc02\xceI\xf5o:\x91\xe2\xb9\x89i\xf2\x8b_M\xfd\xd6\xa1\xa5\xc3\x88\xccp\x8c\x83)\xca\xa5\xef\xddo\xbb-\x90Y\x1c-\xf6T\x1b/\xaavJ\xec\x03p\xf1\xb4\x8b\xd16\x9b+EH\xb7\xfcFn;\xab\xc5\x05U\x1c[\xfe\x9aY\x88\xcc\xc27\xe1\xfb\x1d\xedH\x1e\x0bq\xef\x96@\x1a\x90\xfa\x84n\xd83\xe6\x8f\xcc\x02n\xb5\xd5\x97\xa8\x03L\x99\x06N\x83\x83\xc6\x1c\x9d>\xc4\xff\xaf\x0f\xa27W\xbf\x11\t\xcd<@\xaa\xc7\x95\xd0\xfe?A\xffUKGM\xc7g@Y4\xd9w\x9dt\x84\x8cz\x88\r\x92\xe7\x8c\x81\xe5\x9dFra?\x93;\x95\xa9|oN\x1a\x99o\x93\x8f0' --/-- b'\xb87\x8f\xe4')
81.137.92.67:443 (b'|1\xf1\xea\xfc\xad\x05~\xdb\x86\xef\x00\x1e\x15s\x963\xb3W\xca\xea\xadl1\x00Fu\xdf\xcaD\x08\xf8#\x93\x86\x84\xcc]\x00-\xd9\x19\xcf\xd0\xde\x9b\x0e\xf5A\xef\xac>S\x8c\x9fvuX\xd7\x8eF\xf4n\x9b\x85\xd3\x84\njJg\x87J,\x1b\xce\x94\t\xdf\xc9\x8e\xb1\xe6\xaa\xeb*[4\x84\xf0ccD@#\xde\xe8\xf5\xcb\x1c\x86.OkE\x0e\xfb\xe2\xef0K\x85\x8f\x8e"\x8b\xdb\xd2?\x9f\xca\x879^\xcf{\xc0\x11\xe9b\xc4\xffcU\xe5\xf2/skG*{\x15.\xb7\xaf\x8d\x05:\x03\xe8N\xe3-\xef\x15\xe7\x19:\x0e\x07\x08\x03\x00r\xc2O\x8e\xdbu\xf8-u\xc0\xb5\xd6\x86\xa9P\xe2\xff:\xf3\x1e\x12\xdbp\xdfh\x0e\xb8\t' --/-- b'\xb87\x8f\xe4')
37.235.54.165:443 (b"\x10\x94\xf3\x02\xb0=U\xda\xaa2\xd47^\xfb\x01JG\x06\xa0u#{\xe1\xb1+\xa52\x1b\xb80\xba0\xbe\x93P\x11Z\xba\xc6\x0be\x9e\xf7\xc8\xc2a\xd3\xe8\xc2E\x04K\x06\xb8\x01\xc2\x81\xae\x1bK\xe7q\xf1\x90\x80\xe1\xbc^*\x95,\xb4\xb3\x0c\xfc\xab\xfd\xf3\xe7\r\x06\xb2S\xe9,\x1b=b\xde\xd7)\xe4\xe0\xc7\xc2\xed\xb3.\x19gS\x11\x82&\xdc\xbb_\x1a\xbdM\xa2\xbc\x01\x03\xc8\x94z\xdc;\xd4;\xdd\xf8\xec\xddQ\x98\xd0\x00\x00\t\xff<\x00\xa9\xab\xf3\x0e\xb6\x9e\xa7\xe2U'\x9f|H\xach\xc8>\x88is4V6S\x0c\x98\xb5\x9c\xffX_\x87\xacv\x90p\xd9\x10\xed\x1e'\x9d\xd9\x7f\x8c\x9dd\x15pF\x85\xa7PNq\xc1\x1d\xb3 \xb3\xd5\xcf{\xcb\xc0\xf53\xf98\x01\xbeM\xaf\x0f\xb5\xc4@\x07\\&\xb6\xa2\x1a\xb5@k\x1c#e\xe4\xfe\xca\xfd\xdd\xf4\xff\xbc\x14\xee\xe06RPLI\x9a\x9aU\xcb\xb9\xed\x1f\xef`!\xa6\x00\x00\xb7\xed(\xfdP\x90\xe7\xbf\xf5z\xabZ \x9f\xf7\x03\x98\xcf6}\n\xe3\x98\x1b\xde\x19\xbb6+\x07H\xa2\xc7\x00_\x08#\x99L\xd8\x1d\xadm\xd7A\x9c\x9c\xd2]\x7f\xca\xba_\xcfa\xef\xc8\xb1B!\xfa\xce\x08\x0e\xfb\x13\x89W\xbc\xee+\xb2J\xec\xdf\x8dGy\xd4\xa7\x83\x07\xa0\xdc\xd1\x180\x10j\xe5\x19Hu\xd7q\x94\xd8\x8d\x16\xe1\xa0%V\x8c\xb1\x06H\xbc\x96\xcd`\xefng\xe3Y\xb7\x90\xc7\xe6\x87#\xcb\xce7\x89," --/-- b'D\xb0x\xa9h\x1a\xca3\xcf\x89\x1f\xf2\x1e\xbd\xf9_.q\xe5J\xea\x04\xee Dz\x0b\xdaS\xd7\xc4\xde\xccw\x12Z\xf0\xbe\xf2\x8f\xe3\xd1\x0eK8y=\xc0^\xf2\x0eFnEU?\x06l\x10\xb3uK\xe9Qg\xc1\n\xef~\xc5_\xce\xd67\xe9d~\xa9t\xe0\xeb\\,\xcb\xb1\x1f\xc2#R56!\x0es|5;\r\x12\xac\xae\x13\xfd\x14\xd5u\xa5(\xe2\xc0\xdf6\xd2%\x89\x82w#F[-\x18h\xa5\xbd\xc4\xd5:\xc8\xcd\xa5\xa0\x0b\xf5\xc3\xb8\xb5\x02\x88\x03\xbf\xfb\xc5B\xeb\x98\xc2\xc3\xd3\xbe\x0fh\xe9/\xdaW\xb6\xd0\xcdgO$\xe6\xd5\x92\xc09m\xfc(\xaf\xa4\x18\x1d?#mS\xe1JY\x91 \x05}ds\r')
92.232.148.86:443 (b'\xd7yx\x83\xf4?{\x18\xd0*\xb0\x15M<\x95\xf5\x85e_\x82\xb3:h\x03\x04Ql\xbd\x8c\xf5q)<\xef+C\xe4E\xfd\x8an\xbe\xb4\xebm\xc1\x8a\x00\x9aY\x10\xd4\xbb\x8f\xe400\xe8\x1c1\xa5nz\xa2c\xfd\x80mH\xe03\n\x10\x06\xe4\x0fZp\xed\xaf?}\x994\xf5\x17\x02\x02`\x07\xb2\xb8\xad\x90\xfd\xa5?eR\x860\x95\xf8\x16\xdfR\xa5Etc\x1b\xf2~\tC\xcc\xd4{t|\xf8e\xc0\xcc\xc9\xe5\xd6\xa1\x17\n\xc4\xff\xe06\xea\xf9\xb1\xa2_\xd2oN8\x98\x1bV\x9a\xe6\xa5\x1a\xec\xda1\xc1\xda\xd0\xd9\xdc5_\xdd\x86\xad_\xd1\r\xb7\x02\xa3\xcf-\x90\xfda\x83N\xb1q\xc9\x19Xh\x94\xf1~a:|7_\xa6\x06' --/-- b'\xb87\x8f\xe4')
77.240.180.243:443 (b"\x10\x94\xf3\x02\xb0=U\xda\xaa2\xd47^\xfb\x01JG\x06\xa0u#{\xe1\xb1+\xa52\x1b\xb80\xba0\xbe\x93P\x11Z\xba\xc6\x0be\x9e\xf7\xc8\xc2a\xd3\xe8\xc2E\x04K\x06\xb8\x01\xc2\x81\xae\x1bK\xe7q\xf1\x90\x80\xe1\xbc^*\x95,\xb4\xb3\x0c\xfc\xab\xfd\xf3\xe7\r\x06\xb2S\xe9,\x1b=b\xde\xd7)\xe4\xe0\xc7\xc2\xed\xb3.\x19gS\x11\x82&\xdc\xbb_\x1a\xbdM\xa2\xbc\x01\x03\xc8\x94z\xdc;\xd4;\xdd\xf8\xec\xddQ\x98\xd0\x00\x00\t\xff<\x00\xa9\xab\xf3\x0e\xb6\x9e\xa7\xe2U'\x9f|H\xach\xc8>\x88is4V6S\x0c\x98\xb5\x9c\xffX_\x87\xacv\x90p\xd9\x10\xed\x1e'\x9d\xd9\x7f\x8c\x9dd\x15pF\x85\xa7PNq\xc1\x1d\xb3 \xb3\xd5\xcf{\xcb\xc0\xf53\xf98\x01\xbeM\xaf\x0f\xb5\xc4@\x07\\&\xb6\xa2\x1a\xb5@k\x1c#e\xe4\xfe\xca\xfd\xdd\xf4\xff\xbc\x14\xee\xe06RPLI\x9a\x9aU\xcb\xb9\xed\x1f\xef`!\xa6\x00\x00\xb7\xed(\xfdP\x90\xe7\xbf\xf5z\xabZ \x9f\xf7\x03\x98\xcf6}\n\xe3\x98\x1b\xde\x19\xbb6+\x07H\xa2\xc7\x00_\x08#\x99L\xd8\x1d\xadm\xd7A\x9c\x9c\xd2]\x7f\xca\xba_\xcfa\xef\xc8\xb1B!\xfa\xce\x08\x0e\xfb\x13\x89W\xbc\xee+\xb2J\xec\xdf\x8dGy\xd4\xa7\x83\x07\xa0\xdc\xd1\x180\x10j\xe5\x19Hu\xd7q\x94\xd8\x8d\x16\xe1\xa0%V\x8c\xb1\x06H\xbc\x96\xcd`\xefng\xe3Y\xb7\x90\xc7\xe6\x87#\xcb\xce7\x89," --/-- b'D\xb0x\xa9h\x1a\xca3\xcf\x89\x1f\xf2\x1e\xbd\xf9_.q\xe5J\xea\x04\xee Dz\x0b\xdaS\xd7\xc4\xde\xccw\x12Z\xf0\xbe\xf2\x8f\xe3\xd1\x0eK8y=\xc0^\xf2\x0eFnEU?\x06l\x10\xb3uK\xe9Qg\xc1\n\xef~\xc5_\xce\xd67\xe9d~\xa9t\xe0\xeb\\,\xcb\xb1\x1f\xc2#R56!\x0es|5;\r\x12\xac\xae\x13\xfd\x14\xd5u\xa5(\xe2\xc0\xdf6\xd2%\x89\x82w#F[-\x18h\xa5\xbd\xc4\xd5:\xc8\xcd\xa5\xa0\x0b\xf5\xc3\xb8\xb5\x02\x88\x03\xbf\xfb\xc5B\xeb\x98\xc2\xc3\xd3\xbe\x0fh\xe9/\xdaW\xb6\xd0\xcdgO$\xe6\xd5\x92\xc09m\xfc(\xaf\xa4\x18\x1d?#mS\xe1JY\x91 \x05}ds\r')
86.139.74.160:443 (b'\xa7\xe2\x95\x91g\xbc\xf8l\xed\x02\xd2z\xffm\xebzGI\xe7K\xa7.\x1d\x1f\xa7\x1d\xb5<\xf5\xf6\x08\xec\xf4"g\xed)\xa4V\x160\xed\xe8"\xee\n\xc8\xfa\x95\x0f\x18a\x01~\xf0h\x86\xb5\x91\xae\x9f\x0c\x95\xd0\xf2Co\x0e\x81\x92\x8e\\K\x9f\xb0L\x0b&\x1c\x1f\xff\x16$Mr\xc3\xf3\x8e\x95\xab&o\x05\xf9\x06\x06\xcc.%$\',\xf8\x9b\xf9\x8d\x1a\xfb\t\xe7u\xe4\x92\x90\xf4\xb5\xe7H\xe9*Y\x0f\xd7\xef\xeb\x80\xe0tDR\xc4\xff\xf1\xcbL\x1ae\xfa\x0f\xf0\'^\xf7\xa4\x90\x0c\x1f\xe0\xe7:\xd3K\x86\x1d9B\xbd\xb1\xd7\x90\xd61\xe7e\tK\xf3\xa4\xdeQ\xe9\xf0L\x951\xbcx\xa9\xac\x89\x937\x85\xb3\xe8\xe5,\xf0\xbd\x056\x0c' --/-- b'\xb87\x8f\xe4')
141.255.128.113:443 (b"\x10\x94\xf3\x02\xb0=U\xda\xaa2\xd47^\xfb\x01JG\x06\xa0u#{\xe1\xb1+\xa52\x1b\xb80\xba0\xbe\x93P\x11Z\xba\xc6\x0be\x9e\xf7\xc8\xc2a\xd3\xe8\xc2E\x04K\x06\xb8\x01\xc2\x81\xae\x1bK\xe7q\xf1\x90\x80\xe1\xbc^*\x95,\xb4\xb3\x0c\xfc\xab\xfd\xf3\xe7\r\x06\xb2S\xe9,\x1b=b\xde\xd7)\xe4\xe0\xc7\xc2\xed\xb3.\x19gS\x11\x82&\xdc\xbb_\x1a\xbdM\xa2\xbc\x01\x03\xc8\x94z\xdc;\xd4;\xdd\xf8\xec\xddQ\x98\xd0\x00\x00\t\xff<\x00\xa9\xab\xf3\x0e\xb6\x9e\xa7\xe2U'\x9f|H\xach\xc8>\x88is4V6S\x0c\x98\xb5\x9c\xffX_\x87\xacv\x90p\xd9\x10\xed\x1e'\x9d\xd9\x7f\x8c\x9dd\x15pF\x85\xa7PNq\xc1\x1d\xb3 \xb3\xd5\xcf{\xcb\xc0\xf53\xf98\x01\xbeM\xaf\x0f\xb5\xc4@\x07\\&\xb6\xa2\x1a\xb5@k\x1c#e\xe4\xfe\xca\xfd\xdd\xf4\xff\xbc\x14\xee\xe06RPLI\x9a\x9aU\xcb\xb9\xed\x1f\xef`!\xa6\x00\x00\xb7\xed(\xfdP\x90\xe7\xbf\xf5z\xabZ \x9f\xf7\x03\x98\xcf6}\n\xe3\x98\x1b\xde\x19\xbb6+\x07H\xa2\xc7\x00_\x08#\x99L\xd8\x1d\xadm\xd7A\x9c\x9c\xd2]\x7f\xca\xba_\xcfa\xef\xc8\xb1B!\xfa\xce\x08\x0e\xfb\x13\x89W\xbc\xee+\xb2J\xec\xdf\x8dGy\xd4\xa7\x83\x07\xa0\xdc\xd1\x180\x10j\xe5\x19Hu\xd7q\x94\xd8\x8d\x16\xe1\xa0%V\x8c\xb1\x06H\xbc\x96\xcd`\xefng\xe3Y\xb7\x90\xc7\xe6\x87#\xcb\xce7\x89," --/-- b'D\xb0x\xa9h\x1a\xca3\xcf\x89\x1f\xf2\x1e\xbd\xf9_.q\xe5J\xea\x04\xee Dz\x0b\xdaS\xd7\xc4\xde\xccw\x12Z\xf0\xbe\xf2\x8f\xe3\xd1\x0eK8y=\xc0^\xf2\x0eFnEU?\x06l\x10\xb3uK\xe9Qg\xc1\n\xef~\xc5_\xce\xd67\xe9d~\xa9t\xe0\xeb\\,\xcb\xb1\x1f\xc2#R56!\x0es|5;\r\x12\xac\xae\x13\xfd\x14\xd5u\xa5(\xe2\xc0\xdf6\xd2%\x89\x82w#F[-\x18h\xa5\xbd\xc4\xd5:\xc8\xcd\xa5\xa0\x0b\xf5\xc3\xb8\xb5\x02\x88\x03\xbf\xfb\xc5B\xeb\x98\xc2\xc3\xd3\xbe\x0fh\xe9/\xdaW\xb6\xd0\xcdgO$\xe6\xd5\x92\xc09m\xfc(\xaf\xa4\x18\x1d?#mS\xe1JY\x91 \x05}ds\r')
78.129.206.203:443 (b"\x10\x94\xf3\x02\xb0=U\xda\xaa2\xd47^\xfb\x01JG\x06\xa0u#{\xe1\xb1+\xa52\x1b\xb80\xba0\xbe\x93P\x11Z\xba\xc6\x0be\x9e\xf7\xc8\xc2a\xd3\xe8\xc2E\x04K\x06\xb8\x01\xc2\x81\xae\x1bK\xe7q\xf1\x90\x80\xe1\xbc^*\x95,\xb4\xb3\x0c\xfc\xab\xfd\xf3\xe7\r\x06\xb2S\xe9,\x1b=b\xde\xd7)\xe4\xe0\xc7\xc2\xed\xb3.\x19gS\x11\x82&\xdc\xbb_\x1a\xbdM\xa2\xbc\x01\x03\xc8\x94z\xdc;\xd4;\xdd\xf8\xec\xddQ\x98\xd0\x00\x00\t\xff<\x00\xa9\xab\xf3\x0e\xb6\x9e\xa7\xe2U'\x9f|H\xach\xc8>\x88is4V6S\x0c\x98\xb5\x9c\xffX_\x87\xacv\x90p\xd9\x10\xed\x1e'\x9d\xd9\x7f\x8c\x9dd\x15pF\x85\xa7PNq\xc1\x1d\xb3 \xb3\xd5\xcf{\xcb\xc0\xf53\xf98\x01\xbeM\xaf\x0f\xb5\xc4@\x07\\&\xb6\xa2\x1a\xb5@k\x1c#e\xe4\xfe\xca\xfd\xdd\xf4\xff\xbc\x14\xee\xe06RPLI\x9a\x9aU\xcb\xb9\xed\x1f\xef`!\xa6\x00\x00\xb7\xed(\xfdP\x90\xe7\xbf\xf5z\xabZ \x9f\xf7\x03\x98\xcf6}\n\xe3\x98\x1b\xde\x19\xbb6+\x07H\xa2\xc7\x00_\x08#\x99L\xd8\x1d\xadm\xd7A\x9c\x9c\xd2]\x7f\xca\xba_\xcfa\xef\xc8\xb1B!\xfa\xce\x08\x0e\xfb\x13\x89W\xbc\xee+\xb2J\xec\xdf\x8dGy\xd4\xa7\x83\x07\xa0\xdc\xd1\x180\x10j\xe5\x19Hu\xd7q\x94\xd8\x8d\x16\xe1\xa0%V\x8c\xb1\x06H\xbc\x96\xcd`\xefng\xe3Y\xb7\x90\xc7\xe6\x87#\xcb\xce7\x89," --/-- b'D\xb0x\xa9h\x1a\xca3\xcf\x89\x1f\xf2\x1e\xbd\xf9_.q\xe5J\xea\x04\xee Dz\x0b\xdaS\xd7\xc4\xde\xccw\x12Z\xf0\xbe\xf2\x8f\xe3\xd1\x0eK8y=\xc0^\xf2\x0eFnEU?\x06l\x10\xb3uK\xe9Qg\xc1\n\xef~\xc5_\xce\xd67\xe9d~\xa9t\xe0\xeb\\,\xcb\xb1\x1f\xc2#R56!\x0es|5;\r\x12\xac\xae\x13\xfd\x14\xd5u\xa5(\xe2\xc0\xdf6\xd2%\x89\x82w#F[-\x18h\xa5\xbd\xc4\xd5:\xc8\xcd\xa5\xa0\x0b\xf5\xc3\xb8\xb5\x02\x88\x03\xbf\xfb\xc5B\xeb\x98\xc2\xc3\xd3\xbe\x0fh\xe9/\xdaW\xb6\xd0\xcdgO$\xe6\xd5\x92\xc09m\xfc(\xaf\xa4\x18\x1d?#mS\xe1JY\x91 \x05}ds\r')
79.73.56.147:443 (b'\xae\x03h\xa1\x0c\xd5\xb0\x8d:>&\xeb*i\xdc\xb7\x89\x1f\xed\xb3:gh\xb5\x06\xfd\x14$\xa9\\\n\xfeQ\n\xcb\xbb\x1f\x8c\x8b\xfd\xd0\xe2\x0c@D\xaf\x13\x04\x1e\xeaY(\xe3\xe2\x87\xe5\x95\xe4I\xfe:S\xb6\x03M\xe6`p\xa5nif\xf3\xc1W\x84\xab\xe51\xb6+\x03\xac\xa1\xd0\xe9\x8f*\xbb/c+\x9c24\x02\x91`\xfeq\x0bi%\xe3W\xaa\xb7\xa3\xd0\xe2\x01\xb6\xd5L\x12\xb2\xf4\xf6\xb6\xba@\xbf(\x8cn\xcc\x1f\xe2$\x13\xc4\xff\xfa\xe0\xac\x16\x8b0;_\xa1\x1d\x11K\x93\xfes\r*\xf0z(\x1b\xaf\xcch\xe8\x94A?\x0cS\xfb\xae51\x83\xb0I\xfc|\xe2p\r3\x90\x91\xfe\xfc\r\xded\x1ew\xc4\x11\xff[U\x86W\x9a' --/-- b'\xb87\x8f\xe4')
193.251.189.134:443 (b'\x1a\x1a\x8bho\xc8S\xfcV\xf7\n\x7f\xa2\x03\t\xcd\xd8\x168\x0f\xa4\x16\x98\x9c&r\xdf:\xfc\x0e\x82e%a\xea(\x83c\xce{oF\xd4\xcd\xa3\x89\xed\xe9,\xe2\xc9\xd9"h\xd3\xb58t\xd2V\xa5\xc28\xa2E\xc6\xa1#j\xb17\xe9\x1b~\x04\x1bh\xbaw\x15\xb1\x85\xc8\x86\x7fn\x9f\x9d\xb1k\xab\x08\xf7p\x94\x9b\xa7\xa6(J\xc2\xc0+\xac\xfa\xc3\xb8\x7fW\x98H\xc28\xbdR\xbc\xf7y)\x83\xd0d\x94\xc39}T\xdc"X\xc4\xff\xcd\x02\xed\x0f7R\xc9]*\xdd\x10H\xed\x83\x017\x13\x067-A\x0e\x0c\xc0\xbas\xb8Jt\x86\xec\xf8\xbd\xb7\x88\x95\xb6t.b\xff\x95 Q\xecD\xc1\x1d>\xb5\x80\xb4\x97 W)r\xfd<\xea' --/-- b'\xb87\x8f\xe4')
81.225.65.219:443 (b"\x12Rk+\x11\xe0\rT\xd0\xec\xf7\xf6\xad\xac\x86K\xaf\xcc\xe6\xd8\x17\xcd\x13\xd2*#t5\xeaJ\x18\xe7\xcf%e\xd9H\xbc\xc8\xfc\xb5+?b\x04XM6n\x0bEZ<\x0bD\x81E,\xee\xb8\xffk]\xe7\x18\xfb1\xe2\x0eb\xf7#\x99\x1f\xee#&\x1f\xa6\x8e\xea\x01\x883%@\xbc\xb9\xa75(\xe7'\xa2Y\x93+\xe25\xb2\xe1X\x93\xe2cB\xd7\x96\x1bu\xd3\x83\x86N_\x04\x00\x9a\xda\n\xb6U\xc8\xae@1\xf8\xfd\xbej\xc4\xff\xbc\xf5\xd8\xee\xe7\xd3\xc4\x8a\xb7C/\xcc9F{\xa8\xc4\xb1\xaer\xc2|Z\x19F\xbf\xbd\xf8\xa0\xe9\xfbj\xea\xd2\xe4\xee\xea\xe5\xa3\xa0\x8d\x8c&~,w\x8b\xdd\xacy\xdfX\x91\x13\x81\xf5\xe899\xbd" --/-- b'\xb87\x8f\xe4')
176.170.224.112:443 (b'\x10\x7f\xad\x99\x97\x8b3\xcf\x94w\x12\\\x0b\x94\xd3\xf5\xeeH\x18&\xfa\x17\x9ev\x93\xdfN\x8a\xe3\xc5(\'n\xe7\xf1\xd5\x0e\x9bz}`C)W#\xd8\xcb\x1c\xc9\x90\x17\xaaz.\xa6\xd07\xc4:\xdaY\x03\x805\x90|s\xd7\xcd\x1d+^\x93\x16\xb7\x19\x01\xc4\xfe\x11J\xe3XS9\xcc\x1c\x13\xfe%b\x1e\'g\xed\xd3ut\x1f\x0b\'\x97c\xd1?_\x19\xef\xf9KQMB\xaf\xa6\x10\xcc\x16-?\n\n"\x0f\x05\x863sp`\xc4\xffs\n\x15\xc6\xac\xe9\xaf\x07\xad\x1a\xb5\xe5\x18o\x15\x992\x17\xe7s\xe6z\xd7W\x0e\x04\xc8\xd20\x86\xd3\n\xf3c\xa9]\xfe\xe6\xf1B\x00X\x08\xdf\xe6\xa5>a\xccQ\xf5\xd6e\xc3\xd5\x7f\xa8~WK' --/-- b'\xb87\x8f\xe4')
134.213.150.227:443 (b"\x10\x94\xf3\x02\xb0=U\xda\xaa2\xd47^\xfb\x01JG\x06\xa0u#{\xe1\xb1+\xa52\x1b\xb80\xba0\xbe\x93P\x11Z\xba\xc6\x0be\x9e\xf7\xc8\xc2a\xd3\xe8\xc2E\x04K\x06\xb8\x01\xc2\x81\xae\x1bK\xe7q\xf1\x90\x80\xe1\xbc^*\x95,\xb4\xb3\x0c\xfc\xab\xfd\xf3\xe7\r\x06\xb2S\xe9,\x1b=b\xde\xd7)\xe4\xe0\xc7\xc2\xed\xb3.\x19gS\x11\x82&\xdc\xbb_\x1a\xbdM\xa2\xbc\x01\x03\xc8\x94z\xdc;\xd4;\xdd\xf8\xec\xddQ\x98\xd0\x00\x00\t\xff<\x00\xa9\xab\xf3\x0e\xb6\x9e\xa7\xe2U'\x9f|H\xach\xc8>\x88is4V6S\x0c\x98\xb5\x9c\xffX_\x87\xacv\x90p\xd9\x10\xed\x1e'\x9d\xd9\x7f\x8c\x9dd\x15pF\x85\xa7PNq\xc1\x1d\xb3 \xb3\xd5\xcf{\xcb\xc0\xf53\xf98\x01\xbeM\xaf\x0f\xb5\xc4@\x07\\&\xb6\xa2\x1a\xb5@k\x1c#e\xe4\xfe\xca\xfd\xdd\xf4\xff\xbc\x14\xee\xe06RPLI\x9a\x9aU\xcb\xb9\xed\x1f\xef`!\xa6\x00\x00\xb7\xed(\xfdP\x90\xe7\xbf\xf5z\xabZ \x9f\xf7\x03\x98\xcf6}\n\xe3\x98\x1b\xde\x19\xbb6+\x07H\xa2\xc7\x00_\x08#\x99L\xd8\x1d\xadm\xd7A\x9c\x9c\xd2]\x7f\xca\xba_\xcfa\xef\xc8\xb1B!\xfa\xce\x08\x0e\xfb\x13\x89W\xbc\xee+\xb2J\xec\xdf\x8dGy\xd4\xa7\x83\x07\xa0\xdc\xd1\x180\x10j\xe5\x19Hu\xd7q\x94\xd8\x8d\x16\xe1\xa0%V\x8c\xb1\x06H\xbc\x96\xcd`\xefng\xe3Y\xb7\x90\xc7\xe6\x87#\xcb\xce7\x89," --/-- b'D\xb0x\xa9h\x1a\xca3\xcf\x89\x1f\xf2\x1e\xbd\xf9_.q\xe5J\xea\x04\xee Dz\x0b\xdaS\xd7\xc4\xde\xccw\x12Z\xf0\xbe\xf2\x8f\xe3\xd1\x0eK8y=\xc0^\xf2\x0eFnEU?\x06l\x10\xb3uK\xe9Qg\xc1\n\xef~\xc5_\xce\xd67\xe9d~\xa9t\xe0\xeb\\,\xcb\xb1\x1f\xc2#R56!\x0es|5;\r\x12\xac\xae\x13\xfd\x14\xd5u\xa5(\xe2\xc0\xdf6\xd2%\x89\x82w#F[-\x18h\xa5\xbd\xc4\xd5:\xc8\xcd\xa5\xa0\x0b\xf5\xc3\xb8\xb5\x02\x88\x03\xbf\xfb\xc5B\xeb\x98\xc2\xc3\xd3\xbe\x0fh\xe9/\xdaW\xb6\xd0\xcdgO$\xe6\xd5\x92\xc09m\xfc(\xaf\xa4\x18\x1d?#mS\xe1JY\x91 \x05}ds\r')
83.247.143.9:443 (b"\x10\x94\xf3\x02\xb0=U\xda\xaa2\xd47^\xfb\x01JG\x06\xa0u#{\xe1\xb1+\xa52\x1b\xb80\xba0\xbe\x93P\x11Z\xba\xc6\x0be\x9e\xf7\xc8\xc2a\xd3\xe8\xc2E\x04K\x06\xb8\x01\xc2\x81\xae\x1bK\xe7q\xf1\x90\x80\xe1\xbc^*\x95,\xb4\xb3\x0c\xfc\xab\xfd\xf3\xe7\r\x06\xb2S\xe9,\x1b=b\xde\xd7)\xe4\xe0\xc7\xc2\xed\xb3.\x19gS\x11\x82&\xdc\xbb_\x1a\xbdM\xa2\xbc\x01\x03\xc8\x94z\xdc;\xd4;\xdd\xf8\xec\xddQ\x98\xd0\x00\x00\t\xff<\x00\xa9\xab\xf3\x0e\xb6\x9e\xa7\xe2U'\x9f|H\xach\xc8>\x88is4V6S\x0c\x98\xb5\x9c\xffX_\x87\xacv\x90p\xd9\x10\xed\x1e'\x9d\xd9\x7f\x8c\x9dd\x15pF\x85\xa7PNq\xc1\x1d\xb3 \xb3\xd5\xcf{\xcb\xc0\xf53\xf98\x01\xbeM\xaf\x0f\xb5\xc4@\x07\\&\xb6\xa2\x1a\xb5@k\x1c#e\xe4\xfe\xca\xfd\xdd\xf4\xff\xbc\x14\xee\xe06RPLI\x9a\x9aU\xcb\xb9\xed\x1f\xef`!\xa6\x00\x00\xb7\xed(\xfdP\x90\xe7\xbf\xf5z\xabZ \x9f\xf7\x03\x98\xcf6}\n\xe3\x98\x1b\xde\x19\xbb6+\x07H\xa2\xc7\x00_\x08#\x99L\xd8\x1d\xadm\xd7A\x9c\x9c\xd2]\x7f\xca\xba_\xcfa\xef\xc8\xb1B!\xfa\xce\x08\x0e\xfb\x13\x89W\xbc\xee+\xb2J\xec\xdf\x8dGy\xd4\xa7\x83\x07\xa0\xdc\xd1\x180\x10j\xe5\x19Hu\xd7q\x94\xd8\x8d\x16\xe1\xa0%V\x8c\xb1\x06H\xbc\x96\xcd`\xefng\xe3Y\xb7\x90\xc7\xe6\x87#\xcb\xce7\x89," --/-- b'D\xb0x\xa9h\x1a\xca3\xcf\x89\x1f\xf2\x1e\xbd\xf9_.q\xe5J\xea\x04\xee Dz\x0b\xdaS\xd7\xc4\xde\xccw\x12Z\xf0\xbe\xf2\x8f\xe3\xd1\x0eK8y=\xc0^\xf2\x0eFnEU?\x06l\x10\xb3uK\xe9Qg\xc1\n\xef~\xc5_\xce\xd67\xe9d~\xa9t\xe0\xeb\\,\xcb\xb1\x1f\xc2#R56!\x0es|5;\r\x12\xac\xae\x13\xfd\x14\xd5u\xa5(\xe2\xc0\xdf6\xd2%\x89\x82w#F[-\x18h\xa5\xbd\xc4\xd5:\xc8\xcd\xa5\xa0\x0b\xf5\xc3\xb8\xb5\x02\x88\x03\xbf\xfb\xc5B\xeb\x98\xc2\xc3\xd3\xbe\x0fh\xe9/\xdaW\xb6\xd0\xcdgO$\xe6\xd5\x92\xc09m\xfc(\xaf\xa4\x18\x1d?#mS\xe1JY\x91 \x05}ds\r')
194.50.139.140:3443 (b"\x10\x94\xf3\x02\xb0=U\xda\xaa2\xd47^\xfb\x01JG\x06\xa0u#{\xe1\xb1+\xa52\x1b\xb80\xba0\xbe\x93P\x11Z\xba\xc6\x0be\x9e\xf7\xc8\xc2a\xd3\xe8\xc2E\x04K\x06\xb8\x01\xc2\x81\xae\x1bK\xe7q\xf1\x90\x80\xe1\xbc^*\x95,\xb4\xb3\x0c\xfc\xab\xfd\xf3\xe7\r\x06\xb2S\xe9,\x1b=b\xde\xd7)\xe4\xe0\xc7\xc2\xed\xb3.\x19gS\x11\x82&\xdc\xbb_\x1a\xbdM\xa2\xbc\x01\x03\xc8\x94z\xdc;\xd4;\xdd\xf8\xec\xddQ\x98\xd0\x00\x00\t\xff<\x00\xa9\xab\xf3\x0e\xb6\x9e\xa7\xe2U'\x9f|H\xach\xc8>\x88is4V6S\x0c\x98\xb5\x9c\xffX_\x87\xacv\x90p\xd9\x10\xed\x1e'\x9d\xd9\x7f\x8c\x9dd\x15pF\x85\xa7PNq\xc1\x1d\xb3 \xb3\xd5\xcf{\xcb\xc0\xf53\xf98\x01\xbeM\xaf\x0f\xb5\xc4@\x07\\&\xb6\xa2\x1a\xb5@k\x1c#e\xe4\xfe\xca\xfd\xdd\xf4\xff\xbc\x14\xee\xe06RPLI\x9a\x9aU\xcb\xb9\xed\x1f\xef`!\xa6\x00\x00\xb7\xed(\xfdP\x90\xe7\xbf\xf5z\xabZ \x9f\xf7\x03\x98\xcf6}\n\xe3\x98\x1b\xde\x19\xbb6+\x07H\xa2\xc7\x00_\x08#\x99L\xd8\x1d\xadm\xd7A\x9c\x9c\xd2]\x7f\xca\xba_\xcfa\xef\xc8\xb1B!\xfa\xce\x08\x0e\xfb\x13\x89W\xbc\xee+\xb2J\xec\xdf\x8dGy\xd4\xa7\x83\x07\xa0\xdc\xd1\x180\x10j\xe5\x19Hu\xd7q\x94\xd8\x8d\x16\xe1\xa0%V\x8c\xb1\x06H\xbc\x96\xcd`\xefng\xe3Y\xb7\x90\xc7\xe6\x87#\xcb\xce7\x89," --/-- b'D\xb0x\xa9h\x1a\xca3\xcf\x89\x1f\xf2\x1e\xbd\xf9_.q\xe5J\xea\x04\xee Dz\x0b\xdaS\xd7\xc4\xde\xccw\x12Z\xf0\xbe\xf2\x8f\xe3\xd1\x0eK8y=\xc0^\xf2\x0eFnEU?\x06l\x10\xb3uK\xe9Qg\xc1\n\xef~\xc5_\xce\xd67\xe9d~\xa9t\xe0\xeb\\,\xcb\xb1\x1f\xc2#R56!\x0es|5;\r\x12\xac\xae\x13\xfd\x14\xd5u\xa5(\xe2\xc0\xdf6\xd2%\x89\x82w#F[-\x18h\xa5\xbd\xc4\xd5:\xc8\xcd\xa5\xa0\x0b\xf5\xc3\xb8\xb5\x02\x88\x03\xbf\xfb\xc5B\xeb\x98\xc2\xc3\xd3\xbe\x0fh\xe9/\xdaW\xb6\xd0\xcdgO$\xe6\xd5\x92\xc09m\xfc(\xaf\xa4\x18\x1d?#mS\xe1JY\x91 \x05}ds\r')
